unit,cap,seed,arch,split,view,train_n,test_n,test_benign,test_malware,chance,threshold,accuracy,macro_f1,mcc,mcc_half,auroc,best_round
mid,100,0,arm,row-random,window,108552,30911,2945,27966,0.9047264727766814,0.41007399559020996,0.9956973245770114,0.9875603982488773,0.9751283535535209,0.974851450381683,0.9989567249195512,379
mid,100,0,arm,row-random,binary,108552,1742,150,1592,0.9138920780711826,0.4008196532726288,0.9994259471871412,0.9981707733260528,0.9963482182042639,0.9963482182042639,1.0,379
mid,100,0,arm,row-random,group,108552,1510,150,1360,0.9006622516556292,0.4008196532726288,0.9993377483443708,0.9981440032252553,0.9962948749416135,0.9962948749416135,1.0,379
mid,100,0,arm,hash-grouped,window,107839,31390,2958,28432,0.9057661675692896,0.7087802290916443,0.9887225230965275,0.9666651811273241,0.933390674544811,0.9346982323301238,0.9886019162288165,323
mid,100,0,arm,hash-grouped,binary,107839,349,30,319,0.9140401146131805,0.49070645332336427,0.994269340974212,0.9811961206896551,0.9630774487952594,0.9630774487952594,0.9989550679205852,323
mid,100,0,arm,hash-grouped,group,107839,311,30,281,0.9035369774919614,0.49070645332336427,0.9935691318327974,0.9809855710442652,0.9626719784250285,0.9626719784250285,0.9988137603795967,323
mid,100,0,arm,behaviour-grouped,window,113090,24902,2967,21935,0.8808529435386716,0.6890603303909302,0.9962653602120312,0.9911871854607888,0.9824492017291606,0.9812021329424157,0.9994664199592678,60
mid,100,0,arm,behaviour-grouped,binary,113090,420,30,390,0.9285714285714286,0.8082030487060547,0.9976190476190476,0.9911614301647762,0.982476740643618,1.0,1.0,60
mid,100,0,arm,behaviour-grouped,group,113090,224,30,194,0.8660714285714286,0.8082030487060547,0.9955357142857143,0.9905112890244419,0.9812000687890753,1.0,1.0,60
mid,100,0,mips,row-random,window,288226,82234,51651,30583,0.6280978670622857,0.5187760591506958,0.9940170732300508,0.9936062904787544,0.9872294131437568,0.9872828107395576,0.9994601142459868,400
mid,100,0,mips,row-random,binary,288226,4159,2600,1559,0.6251502765087762,0.6905195058047116,0.9975955758595816,0.9974348694922781,0.9948697389845562,0.9933430440900342,0.9999659545073272,400
mid,100,0,mips,row-random,group,288226,4118,2600,1518,0.6313744536182613,0.6905195058047116,0.9975716367168529,0.9973915577176447,0.9947831154352893,0.9932311612758237,0.999965034965035,400
mid,100,0,mips,hash-grouped,window,287989,82002,51454,30548,0.6274725006707154,0.41407692432403564,0.9921953123094559,0.9916668676647074,0.9833557598408459,0.9837648860335341,0.9983397871092347,400
mid,100,0,mips,hash-grouped,binary,287989,830,520,310,0.6265060240963856,0.5931983757019043,0.9963855421686747,0.9961408452013967,0.9922849863993345,0.9922849863993345,0.999968982630273,400
mid,100,0,mips,hash-grouped,group,287989,826,520,306,0.6295399515738499,0.5931983757019043,0.9963680387409201,0.9961093220831299,0.9922219940756893,0.9922219940756893,0.9999685771744595,400
mid,100,0,mips,behaviour-grouped,window,287549,82533,51578,30955,0.6249379036264282,0.3599560260772705,0.9931057879878352,0.9926662121885568,0.9853897513724136,0.9862248308509662,0.9992123128078803,400
mid,100,0,mips,behaviour-grouped,binary,287549,832,520,312,0.625,0.8243722152709961,0.9975961538461539,0.9974325900599268,0.9948783274022057,0.9923517041663731,0.9999938362919132,400
mid,100,0,mips,behaviour-grouped,group,287549,827,520,307,0.6287787182587666,0.8243722152709961,0.9975816203143894,0.9974063201736229,0.9948260575449493,0.9922747508333765,0.999993735905788,400
mid,100,0,mipsel,row-random,window,276654,78885,49615,29270,0.6289535399632376,0.5064404606819153,0.9953096279394055,0.9949847650828908,0.9899957820076118,0.9899957820076118,0.9995753361698195,400
mid,100,0,mipsel,row-random,binary,276654,3990,2496,1494,0.6255639097744361,0.5897793968518574,0.9977443609022556,0.9975947877020042,0.9951965567417389,0.9941409304642522,0.9999737196649847,400
mid,100,0,mipsel,row-random,group,276654,3955,2496,1459,0.6310998735777497,0.5897793968518574,0.997724399494311,0.9975588303371654,0.9951248519376699,0.994053788009197,0.9999730892251454,400
mid,100,0,mipsel,hash-grouped,window,276107,79297,49468,29829,0.6238319230235696,0.4560036063194275,0.9953592191381767,0.9950666432476409,0.9901717546129887,0.9902247842701767,0.9994460127803817,400
mid,100,0,mipsel,hash-grouped,binary,276107,801,499,302,0.6229712858926342,0.5583285140991211,0.9987515605493134,0.9986720492054677,0.9973476203605273,0.9947056876916114,0.9999137347542768,400
mid,100,0,mipsel,hash-grouped,group,276107,800,499,301,0.62375,0.5583285140991211,0.99875,0.9986693080901078,0.9973421526707646,0.994694817244614,0.999913448158776,400
mid,100,0,mipsel,behaviour-grouped,window,276546,78511,49502,29009,0.6305103743424488,0.9093763828277588,0.984346142578747,0.9831292212098868,0.9663885826218688,0.9806058056460649,0.999070176372646,399
mid,100,0,mipsel,behaviour-grouped,binary,276546,795,499,296,0.6276729559748428,0.8362568283081054,0.9937106918238994,0.9932580153293227,0.9865485229381006,0.9865383583487668,0.9998442831609164,399
mid,100,0,mipsel,behaviour-grouped,group,276546,789,499,290,0.632446134347275,0.8362568283081054,0.9936628643852978,0.9931697418699151,0.9863728281367584,0.9863631105510899,0.9998410614332113,399
mid,100,0,x86,row-random,window,274777,78628,50535,28093,0.6427099760899425,0.41100579500198364,0.9943785928676807,0.9938961212485642,0.9878350201306492,0.9880498532889299,0.9995588494533403,400
mid,100,0,x86,row-random,binary,274777,3975,2553,1422,0.6422641509433962,0.7096002161502838,0.9989937106918239,0.99890506907568,0.99781013815136,0.997265295056602,0.9999906345531002,400
mid,100,0,x86,row-random,group,274777,3865,2543,1322,0.6579560155239328,0.7096002161502838,0.9989650711513584,0.9988503340129202,0.9977006680258406,0.9971288810620695,0.9999898865087812,400
mid,100,0,x86,hash-grouped,window,275391,78050,50319,27731,0.6447021140294683,0.6701250076293945,0.9923254324151185,0.9916399793437674,0.9833020105970108,0.9833912527396482,0.9981932994945281,399
mid,100,0,x86,hash-grouped,binary,275391,796,511,285,0.6419597989949748,0.6180988502502441,0.9962311557788944,0.9958975204737437,0.9917987644393474,0.9917987644393474,0.9998695368558382,399
mid,100,0,x86,hash-grouped,group,275391,783,510,273,0.6513409961685823,0.6180988502502441,0.9961685823754789,0.995778558527797,0.991561058929099,0.991561058929099,0.9998635351576528,399
mid,100,0,x86,behaviour-grouped,window,278531,80567,50388,30179,0.6254173544999814,0.6730364561080933,0.9944269986470887,0.9940634318127095,0.9881523793733981,0.9881583900144264,0.9993772925300569,398
mid,100,0,x86,behaviour-grouped,binary,278531,813,511,302,0.6285362853628536,0.6381025886535645,0.997539975399754,0.9973658972797138,0.9947317945594277,0.9921064765232684,0.9999805601275255,398
mid,100,0,x86,behaviour-grouped,group,278531,766,511,255,0.6671018276762402,0.6381025886535645,0.9973890339425587,0.9970607421050612,0.9941214842101224,0.9911951528034895,0.9999769770922067,398
mid,100,1,arm,row-random,window,108711,30823,2929,27894,0.904973558706161,0.6099445819854736,0.9954903805599714,0.9870070763295347,0.9740736804810931,0.9742088451755444,0.9994059841672971,387
mid,100,1,arm,row-random,binary,108711,1747,150,1597,0.9141385231825987,0.42691012223561603,0.9994275901545506,0.9981712646746327,0.9963491973134054,0.9963711438091246,1.0,387
mid,100,1,arm,row-random,group,108711,1510,150,1360,0.9006622516556292,0.42691012223561603,0.9993377483443708,0.9981440032252553,0.9962948749416135,1.0,0.9999999999999999,387
mid,100,1,arm,hash-grouped,window,107839,31390,2958,28432,0.9057661675692896,0.8508485555648804,0.9883720930232558,0.9658644729166226,0.9317326587737865,0.9315300150709646,0.9891741687603185,395
mid,100,1,arm,hash-grouped,binary,107839,349,30,319,0.9140401146131805,0.498734712600708,0.994269340974212,0.9811961206896551,0.9630774487952594,0.9630774487952594,0.9988505747126437,395
mid,100,1,arm,hash-grouped,group,107839,311,30,281,0.9035369774919614,0.498734712600708,0.9935691318327974,0.9809855710442652,0.9626719784250285,0.9626719784250285,0.9986951364175564,395
mid,100,1,arm,behaviour-grouped,window,113090,24902,2967,21935,0.8808529435386716,0.69037926197052,0.9961850453778813,0.9909638394181801,0.9819548092421361,0.9787734746256743,0.9994284827041687,60
mid,100,1,arm,behaviour-grouped,binary,113090,420,30,390,0.9285714285714286,0.8105083084106446,1.0,1.0,1.0,1.0,1.0,60
mid,100,1,arm,behaviour-grouped,group,113090,224,30,194,0.8660714285714286,0.8105083084106446,1.0,1.0,1.0,1.0,1.0,60
mid,100,1,mips,row-random,window,287806,82502,51894,30608,0.629002933262224,0.4102329611778259,0.9942546847349155,0.9938538939619241,0.987723663799522,0.9879031916982356,0.9995084091004924,398
mid,100,1,mips,row-random,binary,287806,4159,2601,1558,0.6253907189228181,0.5772425257970416,0.9975955758595816,0.9974355274711181,0.9948731536971956,0.9938567946126883,0.999977790708521,398
mid,100,1,mips,row-random,group,287806,4118,2601,1517,0.631617289946576,0.5772425257970416,0.9975716367168529,0.9973922719555124,0.9947867139273545,0.9937535345265212,0.9999771904573997,398
mid,100,1,mips,hash-grouped,window,287989,82002,51454,30548,0.6274725006707154,0.42316359281539917,0.9927196897636643,0.9922259850167108,0.9844715046743712,0.9844926571302409,0.9985786772279246,400
mid,100,1,mips,hash-grouped,binary,287989,830,520,310,0.6265060240963856,0.6007768630981445,0.9963855421686747,0.9961408452013967,0.9922849863993345,0.9922849863993345,0.9999751861042184,400
mid,100,1,mips,hash-grouped,group,287989,826,520,306,0.6295399515738499,0.6007768630981445,0.9963680387409201,0.9961093220831299,0.9922219940756893,0.9922219940756893,0.9999748617395676,400
mid,100,1,mips,behaviour-grouped,window,287549,82533,51578,30955,0.6249379036264282,0.3901899456977844,0.9929361588697854,0.9924852931260706,0.9850251929506452,0.9853481145724834,0.9991643611328618,399
mid,100,1,mips,behaviour-grouped,binary,287549,832,520,312,0.625,0.7617041397094726,0.9975961538461539,0.9974391647737415,0.994891409751563,0.994891409751563,0.9999815088757397,399
mid,100,1,mips,behaviour-grouped,group,287549,827,520,307,0.6287787182587666,0.7617041397094726,0.9975816203143894,0.9974132322398218,0.9948398104439289,0.9948398104439289,0.9999812077173641,399
mid,100,1,mipsel,row-random,window,276505,79209,49696,29513,0.6274034516279716,0.5968687534332275,0.9952278150210203,0.9949048234771081,0.9898304646659567,0.9898858473766904,0.9995926045250253,400
mid,100,1,mipsel,row-random,binary,276505,3990,2496,1494,0.6255639097744361,0.6356665690739949,0.9987468671679198,0.9986630567187632,0.9973273985505143,0.9952023905968346,0.9999890051659629,400
mid,100,1,mipsel,row-random,group,276505,3955,2496,1459,0.6310998735777497,0.6356665690739949,0.9987357774968394,0.9986430262977043,0.9972873764662652,0.9951309194237336,0.99998874141052,400
mid,100,1,mipsel,hash-grouped,window,276107,79297,49468,29829,0.6238319230235696,0.4484272599220276,0.9953466083206174,0.9950526879952615,0.9901399669703023,0.9901393950324214,0.9994064263387641,400
mid,100,1,mipsel,hash-grouped,binary,276107,801,499,302,0.6229712858926342,0.5199350929260254,0.9975031210986267,0.9973458189192412,0.9947056876916114,0.9920741126755105,0.9999137347542768,400
mid,100,1,mipsel,hash-grouped,group,276107,800,499,301,0.62375,0.5199350929260254,0.9975,0.9973403547966702,0.994694817244614,0.9920579035943201,0.999913448158776,400
mid,100,1,mipsel,behaviour-grouped,window,276546,78511,49502,29009,0.6305103743424488,0.9295211434364319,0.9841550865483818,0.9829204144628723,0.9659812762012867,0.9819632955730733,0.9990932821656221,399
mid,100,1,mipsel,behaviour-grouped,binary,276546,795,499,296,0.6276729559748428,0.8506705093383788,0.9937106918238994,0.9932580153293227,0.9865485229381006,0.9838528408167687,0.9998510534582679,399
mid,100,1,mipsel,behaviour-grouped,group,276546,789,499,290,0.632446134347275,0.8506705093383788,0.9936628643852978,0.9931697418699151,0.9863728281367584,0.9836431483656969,0.9998479718056803,399
mid,100,1,x86,row-random,window,274765,78475,50362,28113,0.6417585218222364,0.5153981447219849,0.993972602739726,0.9934648537373809,0.9869830194563928,0.9869830194563928,0.9994852237961354,400
mid,100,1,x86,row-random,binary,274765,3970,2553,1417,0.6430730478589421,0.6767804943598233,0.998992443324937,0.9989025876540835,0.9978051753081669,0.9950743900954605,0.9999894958012229,400
mid,100,1,x86,row-random,group,274765,3865,2543,1322,0.6579560155239328,0.6767804943598233,0.9989650711513584,0.9988503340129202,0.9977006680258406,0.9948411045763341,0.9999886966862848,400
mid,100,1,x86,hash-grouped,window,275391,78050,50319,27731,0.6447021140294683,0.6872893571853638,0.9923382447149264,0.9916545361798375,0.9833328133520156,0.9834255661236087,0.9984319722117285,399
mid,100,1,x86,hash-grouped,binary,275391,796,511,285,0.6419597989949748,0.6437159538269044,0.9962311557788944,0.9958975204737437,0.9917987644393474,0.9917987644393474,0.9999519346310983,399
mid,100,1,x86,hash-grouped,group,275391,783,510,273,0.6513409961685823,0.6437159538269044,0.9961685823754789,0.995778558527797,0.991561058929099,0.991561058929099,0.9999497234791352,399
mid,100,1,x86,behaviour-grouped,window,278531,80567,50388,30179,0.6254173544999814,0.6136506199836731,0.994166346022565,0.993786628365865,0.9876028633688485,0.9876836084025303,0.9993970448157908,400
mid,100,1,x86,behaviour-grouped,binary,278531,813,511,302,0.6285362853628536,0.6229772186279297,0.997539975399754,0.9973658972797138,0.9947317945594277,0.9921064765232684,0.999987040085017,400
mid,100,1,x86,behaviour-grouped,group,278531,766,511,255,0.6671018276762402,0.6229772186279297,0.9973890339425587,0.9970607421050612,0.9941214842101224,0.9911951528034895,0.9999846513948045,400
mid,100,2,arm,row-random,window,108316,31216,2951,28265,0.9054651460789339,0.47626858949661255,0.9950666324961558,0.9856912541890445,0.9714181794376896,0.9724868485657139,0.9992395637382394,393
mid,100,2,arm,row-random,binary,108316,1738,150,1588,0.9136939010356732,0.5207116007804871,0.9994246260069045,0.9981703780201132,0.9963474304797603,0.9963474304797603,0.9999832073887489,393
mid,100,2,arm,row-random,group,108316,1509,150,1359,0.9005964214711729,0.5207116007804871,0.9993373094764745,0.9981438680608772,0.996294605614459,0.996294605614459,0.9999852832965416,393
mid,100,2,arm,hash-grouped,window,107839,31390,2958,28432,0.9057661675692896,0.8442592024803162,0.9880853775087608,0.964996190204312,0.9299989810928311,0.9337933063062474,0.988958983259537,400
mid,100,2,arm,hash-grouped,binary,107839,349,30,319,0.9140401146131805,0.5170041179656982,0.994269340974212,0.9811961206896551,0.9630774487952594,0.9630774487952594,0.9989550679205852,400
mid,100,2,arm,hash-grouped,group,107839,311,30,281,0.9035369774919614,0.5170041179656982,0.9935691318327974,0.9809855710442652,0.9626719784250285,0.9626719784250285,0.9988137603795967,400
mid,100,2,arm,behaviour-grouped,window,113090,24902,2967,21935,0.8808529435386716,0.5664876699447632,0.9958637860412818,0.9902142177838612,0.9804677005342012,0.9800439462489139,0.9993426129795351,61
mid,100,2,arm,behaviour-grouped,binary,113090,420,30,390,0.9285714285714286,0.846725845336914,0.9952380952380953,0.9825856206982337,0.9657599638069014,1.0,1.0,61
mid,100,2,arm,behaviour-grouped,group,113090,224,30,194,0.8660714285714286,0.846725845336914,0.9910714285714286,0.981280294166806,0.9632419486019034,1.0,1.0,61
mid,100,2,mips,row-random,window,288198,82436,51815,30621,0.6285482070939881,0.45484960079193115,0.9937891212577029,0.9933589791166454,0.986733258859808,0.9866809151262346,0.9994767976721486,400
mid,100,2,mips,row-random,binary,288198,4158,2599,1559,0.6250601250601251,0.6481681563637474,0.9975949975949976,0.9974358133133954,0.9948737249163294,0.9933420814417029,0.9999587841674933,400
mid,100,2,mips,row-random,group,288198,4117,2599,1518,0.6312849162011174,0.6481681563637474,0.9975710468787953,0.9973926139472671,0.9947873973444945,0.9932301986586306,0.999957670959896,400
mid,100,2,mips,hash-grouped,window,287989,82002,51454,30548,0.6274725006707154,0.5391204357147217,0.9925489622204337,0.9920423210410495,0.9841001913342876,0.9839485101497042,0.998583681627954,399
mid,100,2,mips,hash-grouped,binary,287989,830,520,310,0.6265060240963856,0.6581910514831544,0.9975903614457832,0.9974255583126551,0.9948511166253102,0.9922849863993345,0.9999751861042184,399
mid,100,2,mips,hash-grouped,group,287989,826,520,306,0.6295399515738499,0.6581910514831544,0.9975786924939467,0.997404474610357,0.994808949220714,0.9922219940756893,0.9999748617395676,399
mid,100,2,mips,behaviour-grouped,window,287549,82533,51578,30955,0.6249379036264282,0.41982501745224,0.9923666896877612,0.9918801426127314,0.9838183890387372,0.9840411688289092,0.9991578873639239,352
mid,100,2,mips,behaviour-grouped,binary,287549,832,520,312,0.625,0.7702185821533203,0.9975961538461539,0.9974391647737415,0.994891409751563,0.994891409751563,0.9999876725838265,352
mid,100,2,mips,behaviour-grouped,group,287549,827,520,307,0.6287787182587666,0.7702185821533203,0.9975816203143894,0.9974132322398218,0.9948398104439289,0.9948398104439289,0.9999874718115761,352
mid,100,2,mipsel,row-random,window,276546,79097,49443,29654,0.6250932399458893,0.25482600927352905,0.9954359836656258,0.995140187825345,0.9903076454398482,0.9904335467432553,0.9996199177690214,398
mid,100,2,mipsel,row-random,binary,276546,3992,2496,1496,0.625250501002004,0.7090448268822261,0.998496993987976,0.9983967935871744,0.9967941573728842,0.9952063741072171,0.9999946438365557,398
mid,100,2,mipsel,row-random,group,276546,3957,2496,1461,0.6307808946171343,0.7090448268822261,0.9984836997725549,0.9983728058031247,0.996746198975093,0.9951350953150967,0.9999945155232629,398
mid,100,2,mipsel,hash-grouped,window,276107,79297,49468,29829,0.6238319230235696,0.433631956577301,0.9950565595167534,0.9947446966742985,0.9895264571267002,0.9894451236918534,0.9993820674586471,400
mid,100,2,mipsel,hash-grouped,binary,276107,801,499,302,0.6229712858926342,0.5587442779541015,0.9962546816479401,0.9960212926245726,0.9920741126755105,0.9920741126755105,0.9999004631780116,400
mid,100,2,mipsel,hash-grouped,group,276107,800,499,301,0.62375,0.5587442779541015,0.99625,0.9960131234685826,0.9920579035943201,0.9920579035943201,0.9999001324908954,400
mid,100,2,mipsel,behaviour-grouped,window,276546,78511,49502,29009,0.6305103743424488,0.9022276401519775,0.9846263580899491,0.9834290201993825,0.9669962833934652,0.9818574244660282,0.9991645633280406,379
mid,100,2,mipsel,behaviour-grouped,binary,276546,795,499,296,0.6276729559748428,0.8429559707641601,0.9949685534591195,0.9946101694915255,0.9892347807447033,0.9892352272111791,0.9998307425662135,379
mid,100,2,mipsel,behaviour-grouped,group,276546,789,499,290,0.632446134347275,0.8429559707641601,0.9949302915082383,0.9945397923875432,0.9890944046187939,0.9890954322437979,0.9998272406882731,379
mid,100,2,x86,row-random,window,274548,78681,50646,28035,0.643687802646128,0.6182516813278198,0.994649280004067,0.9941821955988699,0.9884025306211418,0.9884318332769335,0.9995767619752476,400
mid,100,2,x86,row-random,binary,274548,3974,2553,1421,0.6424257674886764,0.7313315499912609,0.9994967287367891,0.9994521159848677,0.9989048319680252,0.9972640616585664,0.9999939357403483,400
mid,100,2,x86,row-random,group,274548,3865,2543,1322,0.6579560155239328,0.7313315499912609,0.9994825355756791,0.9994249579839934,0.9988505768965087,0.9971288810620695,0.9999934559762702,400
mid,100,2,x86,hash-grouped,window,275391,78050,50319,27731,0.6447021140294683,0.6376124620437622,0.9923254324151185,0.9916414483905018,0.9833091862089149,0.9832567559507045,0.9982835820974139,399
mid,100,2,x86,hash-grouped,binary,275391,796,511,285,0.6419597989949748,0.6220768737792969,0.9962311557788944,0.9958975204737437,0.9917987644393474,0.9917987644393474,0.9998970027809249,399
mid,100,2,x86,hash-grouped,group,275391,783,510,273,0.6513409961685823,0.6220768737792969,0.9961685823754789,0.995778558527797,0.991561058929099,0.991561058929099,0.999892264598147,399
mid,100,2,x86,behaviour-grouped,window,278531,80567,50388,30179,0.6254173544999814,0.6729114055633545,0.994439410676828,0.9940768473494913,0.9881801593398035,0.9885291098957203,0.9994223045805262,400
mid,100,2,x86,behaviour-grouped,binary,278531,813,511,302,0.6285362853628536,0.629041805267334,0.997539975399754,0.9973658972797138,0.9947317945594277,0.9947317945594277,0.9999935200425085,400
mid,100,2,x86,behaviour-grouped,group,278531,766,511,255,0.6671018276762402,0.629041805267334,0.9973890339425587,0.9970607421050612,0.9941214842101224,0.9941214842101224,0.9999923256974023,400
mid,100,3,arm,row-random,window,107997,31406,3038,28368,0.9032668916767497,0.511476457118988,0.9955740941221423,0.9873939753553185,0.974803430516673,0.9751479411622516,0.9989847181981792,393
mid,100,3,arm,row-random,binary,107997,1744,150,1594,0.9139908256880734,0.7011402606964112,0.9982798165137615,0.9945459492310436,0.9890984481488666,0.9963486105846698,0.9999832705980761,393
mid,100,3,arm,row-random,group,107997,1510,150,1360,0.9006622516556292,0.7011402606964112,0.9980132450331126,0.9944649378863395,0.9889366221864397,0.9962948749416135,0.9999803921568627,393
mid,100,3,arm,hash-grouped,window,107839,31390,2958,28432,0.9057661675692896,0.8025587797164917,0.9886269512583625,0.9664289615712218,0.9329013606430167,0.9316854806951761,0.9944704430779745,326
mid,100,3,arm,hash-grouped,binary,107839,349,30,319,0.9140401146131805,0.531841049194336,0.994269340974212,0.9811961206896551,0.9630774487952594,0.9630774487952594,0.9988505747126437,326
mid,100,3,arm,hash-grouped,group,107839,311,30,281,0.9035369774919614,0.531841049194336,0.9935691318327974,0.9809855710442652,0.9626719784250285,0.9626719784250285,0.9986951364175564,326
mid,100,3,arm,behaviour-grouped,window,113090,24902,2967,21935,0.8808529435386716,0.5754108428955078,0.9963055176291061,0.9912555135116656,0.9825455264671578,0.9803625372164604,0.9993467693292735,57
mid,100,3,arm,behaviour-grouped,binary,113090,420,30,390,0.9285714285714286,0.8490339660644531,0.9976190476190476,0.9911614301647762,0.982476740643618,1.0,1.0,57
mid,100,3,arm,behaviour-grouped,group,113090,224,30,194,0.8660714285714286,0.8490339660644531,0.9955357142857143,0.9905112890244419,0.9812000687890753,1.0,1.0,57
mid,100,3,mips,row-random,window,287245,82797,51825,30972,0.6259284756694083,0.5365051031112671,0.9940819111803568,0.9936894931480177,0.9873929687485791,0.9874708922138384,0.999485833461205,398
mid,100,3,mips,row-random,binary,287245,4160,2600,1560,0.625,0.6932016807598071,0.9975961538461539,0.9974358974358974,0.9948717948717949,0.9933515725341537,0.9999318293885602,398
mid,100,3,mips,row-random,group,287245,4119,2600,1519,0.6312211701869386,0.6932016807598071,0.9975722262685117,0.9973926419202916,0.9947852838405834,0.9932401206042779,0.9999299893654732,398
mid,100,3,mips,hash-grouped,window,287989,82002,51454,30548,0.6274725006707154,0.4091063141822815,0.9925611570449501,0.9920544569220808,0.9841221044508663,0.9842475344459618,0.9984288744638885,399
mid,100,3,mips,hash-grouped,binary,287989,830,520,310,0.6265060240963856,0.629471549987793,0.9975903614457832,0.9974255583126551,0.9948511166253102,0.9922849863993345,0.9999441687344912,399
mid,100,3,mips,hash-grouped,group,287989,826,520,306,0.6295399515738499,0.629471549987793,0.9975786924939467,0.997404474610357,0.994808949220714,0.9922219940756893,0.999943438914027,399
mid,100,3,mips,behaviour-grouped,window,287549,82533,51578,30955,0.6249379036264282,0.5177486538887024,0.9928634606763356,0.992405073030763,0.9848498655485766,0.9848250531957784,0.999154084588372,328
mid,100,3,mips,behaviour-grouped,binary,287549,832,520,312,0.625,0.7713552856445312,0.9975961538461539,0.9974391647737415,0.994891409751563,0.994891409751563,0.9999815088757397,328
mid,100,3,mips,behaviour-grouped,group,287549,827,520,307,0.6287787182587666,0.7713552856445312,0.9975816203143894,0.9974132322398218,0.9948398104439289,0.9948398104439289,0.9999812077173641,328
mid,100,3,mipsel,row-random,window,276881,78480,49382,29098,0.6292303771661569,0.4082534909248352,0.9951325178389399,0.9947940843629519,0.989615901346386,0.9895030946251487,0.9995543025062158,400
mid,100,3,mipsel,row-random,binary,276881,3990,2495,1495,0.62531328320802,0.5993539828520555,0.9984962406015038,0.9983967387227914,0.9967986096001331,0.9967986096001331,0.9999798928961602,400
mid,100,3,mipsel,row-random,group,276881,3955,2495,1460,0.6308470290771175,0.5993539828520555,0.9984829329962074,0.9983727833373014,0.9967508531581134,0.9967508531581134,0.9999794108765476,400
mid,100,3,mipsel,hash-grouped,window,276107,79297,49468,29829,0.6238319230235696,0.4791826903820038,0.995371829955736,0.9950794383708907,0.9901930261071369,0.9901659258311473,0.9994633442589553,400
mid,100,3,mipsel,hash-grouped,binary,276107,801,499,302,0.6229712858926342,0.5294924736022949,0.9987515605493134,0.9986720492054677,0.9973476203605273,0.9973476203605273,0.9999070989661442,400
mid,100,3,mipsel,hash-grouped,group,276107,800,499,301,0.62375,0.5294924736022949,0.99875,0.9986693080901078,0.9973421526707646,0.9973421526707646,0.9999067903248358,400
mid,100,3,mipsel,behaviour-grouped,window,276546,78511,49502,29009,0.6305103743424488,0.8633178472518921,0.9868935563169492,0.9859003010191076,0.9718446233952281,0.9811003464135573,0.9991147734082362,399
mid,100,3,mipsel,behaviour-grouped,binary,276546,795,499,296,0.6276729559748428,0.8265220260620116,0.9949685534591195,0.9946101694915255,0.9892347807447033,0.9892352272111791,0.9998172019715106,399
mid,100,3,mipsel,behaviour-grouped,group,276546,789,499,290,0.632446134347275,0.8265220260620116,0.9949302915082383,0.9945397923875432,0.9890944046187939,0.9890954322437979,0.999813419943335,399
mid,100,3,x86,row-random,window,274761,78377,50238,28139,0.6409788585937202,0.5374397039413452,0.9950112915778864,0.9945924871488159,0.9892163003418543,0.9892448666882512,0.999568272019395,400
mid,100,3,x86,row-random,binary,274761,3973,2551,1422,0.6420840674553234,0.7126376231511433,0.9994966020639315,0.9994522103512251,0.9989050204942621,0.9956284989461524,0.9999928325727591,400
mid,100,3,x86,row-random,group,274761,3863,2541,1322,0.657778928294072,0.7126376231511433,0.9994822676676158,0.9994248033491544,0.9988502679823122,0.9954110110718641,0.9999922600665277,400
mid,100,3,x86,hash-grouped,window,275391,78050,50319,27731,0.6447021140294683,0.7472423911094666,0.9921844971172326,0.9914878844933597,0.9830018533871703,0.9832602189031303,0.9983831509518333,398
mid,100,3,x86,hash-grouped,binary,275391,796,511,285,0.6419597989949748,0.612072868347168,0.9962311557788944,0.9958975204737437,0.9917987644393474,0.9917987644393474,0.9999038692621967,398
mid,100,3,x86,hash-grouped,group,275391,783,510,273,0.6513409961685823,0.612072868347168,0.9961685823754789,0.995778558527797,0.991561058929099,0.991561058929099,0.9998994469582705,398
mid,100,3,x86,behaviour-grouped,window,278531,80567,50388,30179,0.6254173544999814,0.5687685012817383,0.9942904663199573,0.9939201777355535,0.9878772472859894,0.9878523480504275,0.9993438254707931,400
mid,100,3,x86,behaviour-grouped,binary,278531,813,511,302,0.6285362853628536,0.6649253463745117,0.998769987699877,0.9986820540503738,0.9973675771866553,0.9921445655350796,0.9999805601275255,400
mid,100,3,x86,behaviour-grouped,group,278531,766,511,255,0.6671018276762402,0.6649253463745117,0.9986945169712794,0.9985289231756055,0.9970621674129826,0.9912464462154027,0.9999769770922067,400
mid,100,4,arm,row-random,window,108377,31211,3028,28183,0.902982922687514,0.5746266841888428,0.9952901220723462,0.9866555758275843,0.9733498555831345,0.9729022875315447,0.999062769413586,391
mid,100,4,arm,row-random,binary,108377,1737,150,1587,0.9136442141623489,0.4666409035523733,0.9994242947610823,0.9981702788823638,0.9963472329284764,0.9963472329284764,0.9999789960092418,391
mid,100,4,arm,row-random,group,108377,1510,150,1360,0.9006622516556292,0.4666409035523733,0.9993377483443708,0.9981440032252553,0.9962948749416135,0.9962948749416135,0.9999754901960785,391
mid,100,4,arm,hash-grouped,window,107839,31390,2958,28432,0.9057661675692896,0.9118705987930298,0.9878305192736541,0.9644526503591957,0.9289105813962923,0.9307997785325277,0.9867723965568609,396
mid,100,4,arm,hash-grouped,binary,107839,349,30,319,0.9140401146131805,0.5035436391830445,0.994269340974212,0.9811961206896551,0.9630774487952594,0.9630774487952594,0.9988505747126437,396
mid,100,4,arm,hash-grouped,group,107839,311,30,281,0.9035369774919614,0.5035436391830445,0.9935691318327974,0.9809855710442652,0.9626719784250285,0.9626719784250285,0.9986951364175564,396
mid,100,4,arm,behaviour-grouped,window,113090,24902,2967,21935,0.8808529435386716,0.6934491395950317,0.9962252027949562,0.9910628336717012,0.9821571100940897,0.9793440706371691,0.9994772525898246,57
mid,100,4,arm,behaviour-grouped,binary,113090,420,30,390,0.9285714285714286,0.8266278076171876,1.0,1.0,1.0,1.0,1.0,57
mid,100,4,arm,behaviour-grouped,group,113090,224,30,194,0.8660714285714286,0.8266278076171876,1.0,1.0,1.0,1.0,1.0,57
mid,100,4,mips,row-random,window,288292,82102,51587,30515,0.6283281771455019,0.41578930616378784,0.9938978344011108,0.9934776391927249,0.9869735532811039,0.9871011197111003,0.9994341920715214,400
mid,100,4,mips,row-random,binary,288292,4159,2601,1558,0.6253907189228181,0.6426757242944505,0.9973551334455398,0.9971787185502724,0.9943586176288717,0.9933472328570007,0.9999420090722488,400
mid,100,4,mips,row-random,group,288292,4118,2601,1517,0.631617289946576,0.6426757242944505,0.9973288003885381,0.9971311065557236,0.9942634337369101,0.9932354918160512,0.9999404417498771,400
mid,100,4,mips,hash-grouped,window,287989,82002,51454,30548,0.6274725006707154,0.5118526220321655,0.9920489744152582,0.9915081685868004,0.9830314474474648,0.9830840536378838,0.9983153742767751,399
mid,100,4,mips,hash-grouped,binary,287989,830,520,310,0.6265060240963856,0.6035333251953126,0.9963855421686747,0.9961408452013967,0.9922849863993345,0.9897287163220524,0.9999627791563276,399
mid,100,4,mips,hash-grouped,group,287989,826,520,306,0.6295399515738499,0.6035333251953126,0.9963680387409201,0.9961093220831299,0.9922219940756893,0.9896451408283435,0.9999622926093514,399
mid,100,4,mips,behaviour-grouped,window,287549,82533,51578,30955,0.6249379036264282,0.5031781196594238,0.992499969709086,0.9920204566868569,0.9840912960568561,0.9840912960568561,0.9990522699156535,400
mid,100,4,mips,behaviour-grouped,binary,287549,832,520,312,0.625,0.7865401077270509,0.9963942307692307,0.9961563041385948,0.992315877993441,0.9923517041663731,0.9999753451676529,400
mid,100,4,mips,behaviour-grouped,group,287549,827,520,307,0.6287787182587666,0.7865401077270509,0.9963724304715841,0.9961172797483508,0.9922378957554701,0.9922747508333765,0.9999749436231521,400
mid,100,4,mipsel,row-random,window,276323,79119,49762,29357,0.6289513264828929,0.6235936880111694,0.9951465513972624,0.9948095917381021,0.9896411741764942,0.9896452658145386,0.9995583641416174,400
mid,100,4,mipsel,row-random,binary,276323,3991,2496,1495,0.6254071661237786,0.763966585134531,0.9992483086945627,0.9991977393308813,0.9983956215669475,0.9952043836783243,0.9999981240888431,400
mid,100,4,mipsel,row-random,group,276323,3956,2496,1460,0.6309403437815976,0.763966585134531,0.9992416582406471,0.9991857047965816,0.9983715568153171,0.9951330087929436,0.9999980791183702,400
mid,100,4,mipsel,hash-grouped,window,276107,79297,49468,29829,0.6238319230235696,0.5672281980514526,0.9954096624084139,0.9951196290435259,0.9902731886691661,0.9902478011257053,0.9994017197180285,398
mid,100,4,mipsel,hash-grouped,binary,276107,801,499,302,0.6229712858926342,0.5373658561706542,0.9987515605493134,0.9986720492054677,0.9973476203605273,0.9947056876916114,0.9999137347542768,398
mid,100,4,mipsel,hash-grouped,group,276107,800,499,301,0.62375,0.5373658561706542,0.99875,0.9986693080901078,0.9973421526707646,0.994694817244614,0.999913448158776,398
mid,100,4,mipsel,behaviour-grouped,window,276546,78511,49502,29009,0.6305103743424488,0.9374791383743286,0.9848174141203143,0.983637732283779,0.9674034809302192,0.9813766674422525,0.999120262949105,399
mid,100,4,mipsel,behaviour-grouped,binary,276546,795,499,296,0.6276729559748428,0.8319841003417969,0.9949685534591195,0.9946101694915255,0.9892347807447033,0.9865383583487668,0.9997833504847533,399
mid,100,4,mipsel,behaviour-grouped,group,276546,789,499,290,0.632446134347275,0.8319841003417969,0.9949302915082383,0.9945397923875432,0.9890944046187939,0.9863631105510899,0.9997788680809895,399
mid,100,4,x86,row-random,window,274907,78443,50293,28150,0.6411407008910929,0.5746783018112183,0.9945438088803334,0.9940861850404593,0.9882117091115913,0.9880779601918038,0.9995226321888724,400
mid,100,4,x86,row-random,binary,274907,3971,2551,1420,0.642407454041803,0.7620893239974975,0.9994963485268195,0.9994517144176327,0.9989040297131513,0.9972620586486158,0.9999922703606982,400
mid,100,4,x86,row-random,group,274907,3863,2541,1322,0.657778928294072,0.7620893239974975,0.9994822676676158,0.9994248033491544,0.9988502679823122,0.9971281071652583,0.9999916646870299,400
mid,100,4,x86,hash-grouped,window,275391,78050,50319,27731,0.6447021140294683,0.7167227268218994,0.9924407431133888,0.9917653915385254,0.9835522888214695,0.9835317922672728,0.9983717681631133,384
mid,100,4,x86,hash-grouped,binary,275391,796,511,285,0.6419597989949748,0.6476431083679199,0.9974874371859297,0.9972628741197183,0.9945406877087657,0.9917987644393474,0.9999313351872833,384
mid,100,4,x86,hash-grouped,group,275391,783,510,273,0.6513409961685823,0.6476431083679199,0.9974457215836526,0.997183291124669,0.9943824012371246,0.991561058929099,0.9999281763987646,384
mid,100,4,x86,behaviour-grouped,window,278531,80567,50388,30179,0.6254173544999814,0.47803187370300293,0.9941787580523043,0.9938011842515966,0.9876390301485632,0.9876122895998878,0.9993306147548938,399
mid,100,4,x86,behaviour-grouped,binary,278531,813,511,302,0.6285362853628536,0.6231153678894044,0.997539975399754,0.9973658972797138,0.9947317945594277,0.9947317945594277,0.999987040085017,399
mid,100,4,x86,behaviour-grouped,group,278531,766,511,255,0.6671018276762402,0.6231153678894044,0.9973890339425587,0.9970607421050612,0.9941214842101224,0.9941214842101224,0.9999846513948045,399
all,100,0,arm,row-random,window,112726,32145,2985,29160,0.9071395240317313,0.5346062183380127,0.9948670088660756,0.9848911095499067,0.9698316780622764,0.9697945364078975,0.999084143855997,400
all,100,0,arm,row-random,binary,112726,1808,150,1658,0.9170353982300885,0.5262997661318098,0.9988938053097345,0.9963650985122637,0.9927301970245276,0.9927301970245276,0.9999798954563731,400
all,100,0,arm,row-random,group,112726,1515,150,1365,0.900990099009901,0.5262997661318098,0.9986798679867986,0.9963003663003662,0.9926007326007326,0.9926007326007326,0.9999804639804639,400
all,100,0,arm,hash-grouped,window,112099,32490,2978,29512,0.908341028008618,0.849590539932251,0.9890120036934441,0.96675992999924,0.933559182055718,0.932352022766658,0.993626546786309,396
all,100,0,arm,hash-grouped,binary,112099,363,30,333,0.9173553719008265,0.5131491756439209,0.9944903581267218,0.9812616147016313,0.9632036098509239,0.9632036098509239,0.9990990990990991,396
all,100,0,arm,hash-grouped,group,112099,314,30,284,0.9044585987261147,0.5131491756439209,0.9936305732484076,0.981004234724743,0.9627079135472641,0.9627079135472641,0.998943661971831,396
all,100,0,arm,behaviour-grouped,window,114835,28982,2987,25995,0.8969360292595404,0.6883095502853394,0.9953074321992961,0.9874687669136828,0.9750605777393747,0.9747752203657428,0.9992060356692168,68
all,100,0,arm,behaviour-grouped,binary,114835,424,30,394,0.9292452830188679,0.8095087051391602,0.9905660377358491,0.9661989795918368,0.9345560674975614,1.0,1.0,68
all,100,0,arm,behaviour-grouped,group,114835,226,30,196,0.8672566371681416,0.8095087051391602,0.9911504424778761,0.9813068651778329,0.9632931399472269,1.0,1.0,68
all,100,0,mips,row-random,window,289889,82721,51866,30855,0.6269991900484762,0.5632674098014832,0.9938226085274597,0.9934028461958562,0.9868126519388922,0.9868929076147083,0.9994603928777162,400
all,100,0,mips,row-random,binary,289889,4181,2601,1580,0.622099976082277,0.7449283301830292,0.9959339870844296,0.9956712788250766,0.9913530130423822,0.9939008136555553,0.9999630132519625,400
all,100,0,mips,row-random,group,289889,4129,2601,1528,0.6299346088641318,0.7449283301830292,0.9968515379026399,0.9966212313970862,0.9932458281484967,0.9948144391548139,0.9999705610608888,400
all,100,0,mips,hash-grouped,window,289654,82567,51675,30892,0.6258553659452324,0.3527964949607849,0.9924546126176318,0.991954169245726,0.9839204037835829,0.9838395336294821,0.9985385513060748,396
all,100,0,mips,hash-grouped,binary,289654,836,520,316,0.6220095693779905,0.6363371276855468,0.9964114832535885,0.9961866358921493,0.9923764902397053,0.9923764902397053,0.9999695715676729,396
all,100,0,mips,hash-grouped,group,289654,830,520,310,0.6265060240963856,0.6363371276855468,0.9963855421686747,0.9961408452013967,0.9922849863993345,0.9922849863993345,0.999968982630273,396
all,100,0,mips,behaviour-grouped,window,289319,82907,51740,31167,0.6240727562208257,0.4762589931488037,0.9924493709819436,0.9919732013918001,0.9839934827564591,0.984018089021522,0.9990909992231211,392
all,100,0,mips,behaviour-grouped,binary,289319,836,520,316,0.6220095693779905,0.7026610783168248,0.9976076555023924,0.9974593217969524,0.9949315190627828,0.9924115258322902,0.9999634858812074,392
all,100,0,mips,behaviour-grouped,group,289319,830,520,310,0.6265060240963856,0.7026610783168248,0.9975903614457832,0.9974288918213978,0.9948709688074815,0.9923212185757121,0.9999751861042184,392
all,100,0,mipsel,row-random,window,278133,79199,49476,29723,0.6247048573845629,0.4181482195854187,0.994987310445839,0.9946636089623027,0.9893491398359765,0.9892662811764464,0.999555256662069,400
all,100,0,mipsel,row-random,binary,278133,4003,2496,1507,0.6235323507369472,0.5820708913462502,0.9982513115163627,0.9981383637971054,0.9962779981916285,0.9957515777851449,0.999981390264237,400
all,100,0,mipsel,row-random,group,278133,3963,2496,1467,0.6298258894776685,0.5820708913462502,0.9982336613676508,0.9981067644016018,0.9962148428409879,0.9956796692318769,0.9999808828413123,400
all,100,0,mipsel,hash-grouped,window,277536,79639,49665,29974,0.6236266151006417,0.2869802713394165,0.9949145519155188,0.9945949354506487,0.9892272823248666,0.9894035532155326,0.999426632515387,400
all,100,0,mipsel,hash-grouped,binary,277536,801,499,302,0.6229712858926342,0.5485365867614747,0.9987515605493134,0.9986720492054677,0.9973476203605273,0.9920741126755105,0.9999070989661442,400
all,100,0,mipsel,hash-grouped,group,277536,800,499,301,0.62375,0.5485365867614747,0.99875,0.9986693080901078,0.9973421526707646,0.9920579035943201,0.9999067903248358,400
all,100,0,mipsel,behaviour-grouped,window,277889,79001,49681,29320,0.6288654573992734,0.9284374713897705,0.9840128605967013,0.9827948269322593,0.965747879341788,0.9801419966937378,0.9990429980108014,381
all,100,0,mipsel,behaviour-grouped,binary,277889,802,499,303,0.6221945137157108,0.8074808120727539,0.9937655860349127,0.9933565605207396,0.9867446749027599,0.9867340289930239,0.9998148111404327,381
all,100,0,mipsel,behaviour-grouped,group,277889,791,499,292,0.6308470290771175,0.8074808120727539,0.9936788874841972,0.9931995715128246,0.9864321982555573,0.9864223279411399,0.9998421500535317,381
all,100,0,x86,row-random,window,278645,79742,50816,28926,0.6372551478518221,0.4378722608089447,0.9934288079054953,0.9929075494749624,0.9858420009992602,0.9857592869554638,0.9994878337655575,400
all,100,0,x86,row-random,binary,278645,4182,2554,1628,0.6107125777140124,0.6049707276480538,0.9985652797704447,0.9984916456211196,0.9969837960276454,0.9944785978835403,0.9999927848400832,400
all,100,0,x86,row-random,group,278645,3870,2544,1326,0.6573643410852713,0.6049707276480538,0.9984496124031008,0.9982797762434876,0.9965602088376257,0.99370619154149,0.9999928853979908,400
all,100,0,x86,hash-grouped,window,278984,79287,50641,28646,0.6387049579376191,0.5804751515388489,0.9916631982544427,0.9909820895890404,0.9819796715441015,0.9820383149329708,0.9985387151698124,400
all,100,0,x86,hash-grouped,binary,278984,838,511,327,0.6097852028639619,0.5945400619506835,0.9964200477326969,0.9962366339879554,0.9924764028759463,0.9924764028759463,0.9999581081647186,400
all,100,0,x86,hash-grouped,group,278984,786,510,276,0.6488549618320612,0.5945400619506835,0.9961832061068703,0.9958085290567769,0.9916209443910763,0.9916209443910763,0.9999502699630577,400
all,100,0,x86,behaviour-grouped,window,280214,80851,50652,30199,0.6264857577519141,0.2287413477897644,0.9932344683430013,0.9927926473466966,0.9856504975537941,0.9877850410420057,0.9993504280983158,400
all,100,0,x86,behaviour-grouped,binary,280214,813,511,302,0.6285362853628536,0.6415467262268066,0.998769987699877,0.9986820540503738,0.9973675771866553,0.9947317945594277,0.9999935200425084,400
all,100,0,x86,behaviour-grouped,group,280214,766,511,255,0.6671018276762402,0.6415467262268066,0.9986945169712794,0.9985289231756055,0.9970621674129826,0.9941214842101224,0.9999923256974022,400
all,100,1,arm,row-random,window,112928,31994,2958,29036,0.9075451647183846,0.40964287519454956,0.9939363630680753,0.9819881139188715,0.9639829174041699,0.965810432875682,0.9989491665052945,396
all,100,1,arm,row-random,binary,112928,1807,150,1657,0.9169894853348091,0.5938784784740871,0.9994465965688988,0.9981769296347301,0.9963604859353129,0.9963604859353129,0.99998390665862,396
all,100,1,arm,row-random,group,112928,1515,150,1365,0.900990099009901,0.5938784784740871,0.9993399339933994,0.9981446760775881,0.9962962156613575,0.9962962156613575,0.9999804639804639,396
all,100,1,arm,hash-grouped,window,112099,32490,2978,29512,0.908341028008618,0.8381475210189819,0.9880886426592798,0.9641196371650627,0.9282464022298517,0.9301948639211293,0.9885861502468357,396
all,100,1,arm,hash-grouped,binary,112099,363,30,333,0.9173553719008265,0.5139131927490235,0.9944903581267218,0.9812616147016313,0.9632036098509239,0.9632036098509239,0.9988988988988989,396
all,100,1,arm,hash-grouped,group,112099,314,30,284,0.9044585987261147,0.5139131927490235,0.9936305732484076,0.981004234724743,0.9627079135472641,0.9627079135472641,0.9987089201877934,396
all,100,1,arm,behaviour-grouped,window,114835,28982,2987,25995,0.8969360292595404,0.7055106163024902,0.9963425574494514,0.9902073082633396,0.980492295904169,0.9791444259083718,0.9995472011723817,57
all,100,1,arm,behaviour-grouped,binary,114835,424,30,394,0.9292452830188679,0.7906982803344726,0.9929245283018868,0.9742796481649985,0.9498257193257903,1.0,1.0,57
all,100,1,arm,behaviour-grouped,group,114835,226,30,196,0.8672566371681416,0.7906982803344726,0.995575221238938,0.9905245063100079,0.9812260069063403,1.0,1.0,57
all,100,1,mips,row-random,window,289464,83049,51758,31291,0.6232224349480427,0.40767115354537964,0.9938710881527772,0.9934813837009582,0.9869712114058901,0.9869418213522467,0.9994468252281856,400
all,100,1,mips,row-random,binary,289464,4181,2601,1580,0.622099976082277,0.5859406391779582,0.9966515187754126,0.9964391738328491,0.9928783476656982,0.9933906565104287,0.9999613099148819,400
all,100,1,mips,row-random,group,289464,4129,2601,1528,0.6299346088641318,0.5859406391779582,0.9970937272947444,0.9968840871358857,0.9937687118622398,0.9937720003597506,0.9999703094460246,400
all,100,1,mips,hash-grouped,window,289654,82567,51675,30892,0.6258553659452324,0.5209097862243652,0.9922850533506122,0.9917719851138782,0.9835529755339021,0.9835794573342063,0.9984525347636515,400
all,100,1,mips,hash-grouped,binary,289654,836,520,316,0.6220095693779905,0.603814468383789,0.9964114832535885,0.9961866358921493,0.9923764902397053,0.9923764902397053,0.9999756572541383,400
all,100,1,mips,hash-grouped,group,289654,830,520,310,0.6265060240963856,0.603814468383789,0.9963855421686747,0.9961408452013967,0.9922849863993345,0.9922849863993345,0.9999751861042184,400
all,100,1,mips,behaviour-grouped,window,289319,82907,51740,31167,0.6240727562208257,0.454440176486969,0.9923046304895847,0.9918179010860917,0.983676206889974,0.9838008571961778,0.9990925867406886,400
all,100,1,mips,behaviour-grouped,binary,289319,836,520,316,0.6220095693779905,0.6944819818224226,0.9976076555023924,0.9974593217969524,0.9949315190627828,0.9924115258322902,0.9999756572541383,400
all,100,1,mips,behaviour-grouped,group,289319,830,520,310,0.6265060240963856,0.6944819818224226,0.9975903614457832,0.9974288918213978,0.9948709688074815,0.9923212185757121,0.9999875930521092,400
all,100,1,mipsel,row-random,window,277979,79511,49740,29771,0.6255738199745947,0.48801282048225403,0.9950069801662663,0.9946789408076107,0.9893762910757986,0.9894294408301398,0.999571640050347,400
all,100,1,mipsel,row-random,binary,277979,4002,2496,1506,0.623688155922039,0.6062516868114471,0.9982508745627187,0.9981371048039143,0.9962743509759514,0.9962840549998718,0.9999630218442469,400
all,100,1,mipsel,row-random,group,277979,3963,2496,1467,0.6298258894776685,0.6062516868114471,0.9982336613676508,0.9981062334689664,0.9962126130237802,0.9962227908052179,0.9999628580916925,400
all,100,1,mipsel,hash-grouped,window,277536,79639,49665,29974,0.6236266151006417,0.5922368168830872,0.9953917050691244,0.995099910779688,0.9902232485838042,0.9899851693259459,0.9994898921459305,399
all,100,1,mipsel,hash-grouped,binary,277536,801,499,302,0.6229712858926342,0.5365931320190429,0.9987515605493134,0.9986720492054677,0.9973476203605273,0.9973476203605273,0.9999137347542768,399
all,100,1,mipsel,hash-grouped,group,277536,800,499,301,0.62375,0.5365931320190429,0.99875,0.9986693080901078,0.9973421526707646,0.9973421526707646,0.999913448158776,399
all,100,1,mipsel,behaviour-grouped,window,277889,79001,49681,29320,0.6288654573992734,0.8812822699546814,0.984354628422425,0.9831642195734043,0.966480515905358,0.981542833119411,0.9990855395485956,399
all,100,1,mipsel,behaviour-grouped,binary,277889,802,499,303,0.6221945137157108,0.8247411727905274,0.9937655860349127,0.9933565605207396,0.9867446749027599,0.9867340289930239,0.9998809500188496,399
all,100,1,mipsel,behaviour-grouped,group,277889,791,499,292,0.6308470290771175,0.8247411727905274,0.9936788874841972,0.9931995715128246,0.9864321982555573,0.9864223279411399,0.9998764652592856,399
all,100,1,x86,row-random,window,278555,79678,50668,29010,0.6359095358819247,0.6625833511352539,0.9936494389919426,0.9931549256203898,0.9863311288125645,0.9865526160586718,0.9995189531560523,400
all,100,1,x86,row-random,binary,278555,4181,2554,1627,0.6108586462568764,0.6579030589623884,0.999282468309017,0.9992452876508229,0.9984907017771378,0.996480714293833,0.9999915771396832,400
all,100,1,x86,row-random,group,278555,3870,2544,1326,0.6573643410852713,0.6579030589623884,0.999483204134367,0.9994263852130112,0.9988527704260224,0.9965634142828027,0.9999946640484931,400
all,100,1,x86,hash-grouped,window,278984,79287,50641,28646,0.6387049579376191,0.5805070400238037,0.9916505858463557,0.9909674304130298,0.9819481717159849,0.9817878108445919,0.9984797937980989,400
all,100,1,x86,hash-grouped,binary,278984,838,511,327,0.6097852028639619,0.5748969459533692,0.9964200477326969,0.9962366339879554,0.9924764028759463,0.9924764028759463,0.9999521236168214,400
all,100,1,x86,hash-grouped,group,278984,786,510,276,0.6488549618320612,0.5748969459533692,0.9961832061068703,0.9958085290567769,0.9916209443910763,0.9916209443910763,0.999943165672066,400
all,100,1,x86,behaviour-grouped,window,280214,80851,50652,30199,0.6264857577519141,0.22118312120437622,0.9930118365882921,0.992556253461316,0.9851825624302257,0.9877100079148917,0.9993663812010198,400
all,100,1,x86,behaviour-grouped,binary,280214,813,511,302,0.6285362853628536,0.6270034980773926,0.998769987699877,0.9986820540503738,0.9973675771866553,0.9947317945594277,0.9999935200425085,400
all,100,1,x86,behaviour-grouped,group,280214,766,511,255,0.6671018276762402,0.6270034980773926,0.9986945169712794,0.9985289231756055,0.9970621674129826,0.9941214842101224,0.9999923256974023,400
all,100,2,arm,row-random,window,112595,32337,2972,29365,0.9080928966818196,0.48447293043136597,0.9940006803352197,0.9821051212770084,0.9642231866702715,0.9640450482679107,0.9988240262313174,400
all,100,2,arm,row-random,binary,112595,1807,150,1657,0.9169894853348091,0.47744020819664,0.9994465965688988,0.9981769296347301,0.9963604859353129,0.9963604859353129,0.99992757996379,400
all,100,2,arm,row-random,group,112595,1515,150,1365,0.900990099009901,0.47744020819664,0.9993399339933994,0.9981446760775881,0.9962962156613575,0.9962962156613575,0.9999316239316239,400
all,100,2,arm,hash-grouped,window,112099,32490,2978,29512,0.908341028008618,0.8726011514663696,0.9882733148661127,0.9648145006794662,0.9296294027811959,0.932352022766658,0.9900684729035789,399
all,100,2,arm,hash-grouped,binary,112099,363,30,333,0.9173553719008265,0.49938628673553465,0.9944903581267218,0.9812616147016313,0.9632036098509239,0.9632036098509239,0.9991991991991992,399
all,100,2,arm,hash-grouped,group,112099,314,30,284,0.9044585987261147,0.49938628673553465,0.9936305732484076,0.981004234724743,0.9627079135472641,0.9627079135472641,0.9990610328638498,399
all,100,2,arm,behaviour-grouped,window,114835,28982,2987,25995,0.8969360292595404,0.6566879153251648,0.9965840866744876,0.9908419389186629,0.9817425699930418,0.9776324196963925,0.9993192595238467,69
all,100,2,arm,behaviour-grouped,binary,114835,424,30,394,0.9292452830188679,0.8009299850463867,0.9929245283018868,0.9742796481649985,0.9498257193257903,1.0,1.0,69
all,100,2,arm,behaviour-grouped,group,114835,226,30,196,0.8672566371681416,0.8009299850463867,0.995575221238938,0.9905245063100079,0.9812260069063403,1.0,1.0,69
all,100,2,mips,row-random,window,289848,82968,52117,30851,0.6281578439880435,0.5981627106666565,0.9938409989393501,0.9934156752248232,0.9868419153251315,0.9866391225854215,0.9994762708324626,400
all,100,2,mips,row-random,binary,289848,4180,2601,1579,0.6222488038277512,0.5054342710054838,0.9973684210526316,0.9972021485405992,0.9944054581220764,0.9938984163691558,0.9999632333157779,400
all,100,2,mips,row-random,group,289848,4129,2601,1528,0.6299346088641318,0.5054342710054838,0.9975781060789537,0.9974041046455776,0.9948103596961084,0.9942931555790895,0.9999685481419752,400
all,100,2,mips,hash-grouped,window,289654,82567,51675,30892,0.6258553659452324,0.6164888739585876,0.9920428258262987,0.9915102480239657,0.9830240070286583,0.9831559588301251,0.9983529835453396,392
all,100,2,mips,hash-grouped,binary,289654,836,520,316,0.6220095693779905,0.6024520874023438,0.9964114832535885,0.9961866358921493,0.9923764902397053,0.9923764902397053,0.9999634858812074,392
all,100,2,mips,hash-grouped,group,289654,830,520,310,0.6265060240963856,0.6024520874023438,0.9963855421686747,0.9961408452013967,0.9922849863993345,0.9922849863993345,0.9999627791563276,392
all,100,2,mips,behaviour-grouped,window,289319,82907,51740,31167,0.6240727562208257,0.4686390161514282,0.9927147285512683,0.9922539377053281,0.9845482989576713,0.9845983004819499,0.9991444660086383,400
all,100,2,mips,behaviour-grouped,binary,289319,836,520,316,0.6220095693779905,0.7292146628243583,0.9988038277511961,0.9987288786307165,0.9974609844165071,0.9924115258322902,0.9999756572541383,400
all,100,2,mips,behaviour-grouped,group,289319,830,520,310,0.6265060240963856,0.7292146628243583,0.9987951807228915,0.9987136150671323,0.9974305351854863,0.9923212185757121,0.9999813895781637,400
all,100,2,mipsel,row-random,window,277866,79567,49767,29800,0.625472871919263,0.4350016713142395,0.9946962936895949,0.9943495280377681,0.988722414728354,0.9885576945428307,0.9995303793530199,400
all,100,2,mipsel,row-random,binary,277866,3999,2496,1503,0.6241560390097525,0.6539679169654846,0.9982495623905977,0.9981347869464003,0.9962697156124577,0.9941555122423307,0.999981607298224,400
all,100,2,mipsel,row-random,group,277866,3962,2496,1466,0.629984856133266,0.6539679169654846,0.9984856133266027,0.9983763027076649,0.9967531902653034,0.9940640731533358,0.9999822362437472,400
all,100,2,mipsel,hash-grouped,window,277536,79639,49665,29974,0.6236266151006417,0.458495557308197,0.9949271085774558,0.9946075458763082,0.989247833928519,0.9892466992111549,0.9993934251054764,400
all,100,2,mipsel,hash-grouped,binary,277536,801,499,302,0.6229712858926342,0.5060649681091308,0.9962546816479401,0.9960212926245726,0.9920741126755105,0.9920741126755105,0.9999137347542768,400
all,100,2,mipsel,hash-grouped,group,277536,800,499,301,0.62375,0.5060649681091308,0.99625,0.9960131234685826,0.9920579035943201,0.9920579035943201,0.999913448158776,400
all,100,2,mipsel,behaviour-grouped,window,277889,79001,49681,29320,0.6288654573992734,0.9423078298568726,0.9840888090024177,0.9828763134457514,0.9659118330432015,0.9820333047719695,0.9990545824927841,399
all,100,2,mipsel,behaviour-grouped,binary,277889,802,499,303,0.6221945137157108,0.8000085067749023,0.9937655860349127,0.9933565605207396,0.9867446749027599,0.9867512103886852,0.9998346528039578,399
all,100,2,mipsel,behaviour-grouped,group,277889,791,499,292,0.6308470290771175,0.8000085067749023,0.9936788874841972,0.9931995715128246,0.9864321982555573,0.9864415982747874,0.9998284239712301,399
all,100,2,x86,row-random,window,278448,79745,50794,28951,0.6369552950028214,0.4339170753955841,0.9942817731519218,0.9938289823705995,0.9876792737722927,0.9877055449110331,0.9995816970530633,400
all,100,2,x86,row-random,binary,278448,4179,2554,1625,0.6111509930605408,0.5082888245582581,0.9985642498205313,0.9984902834803753,0.9969825897491069,0.9969825897491069,0.9999942172158304,400
all,100,2,x86,row-random,group,278448,3870,2544,1326,0.6573643410852713,0.5082888245582581,0.9984496124031008,0.9982803953816841,0.9965634142828027,0.9965634142828027,0.9999928853979908,400
all,100,2,x86,hash-grouped,window,278984,79287,50641,28646,0.6387049579376191,0.6593632698059082,0.9917767099272264,0.9911017355524427,0.9822126816277664,0.982519358317149,0.9984927606359183,400
all,100,2,x86,hash-grouped,binary,278984,838,511,327,0.6097852028639619,0.5926527404785157,0.9964200477326969,0.9962366339879554,0.9924764028759463,0.9924764028759463,0.9999581081647186,400
all,100,2,x86,hash-grouped,group,278984,786,510,276,0.6488549618320612,0.5926527404785157,0.9961832061068703,0.9958085290567769,0.9916209443910763,0.9916209443910763,0.9999502699630577,400
all,100,2,x86,behaviour-grouped,window,280214,80851,50652,30199,0.6264857577519141,0.18878354132175446,0.9927644679719484,0.9922935614628063,0.9846622007925726,0.987816639942064,0.9993917365175581,398
all,100,2,x86,behaviour-grouped,binary,280214,813,511,302,0.6285362853628536,0.6553846549987793,0.998769987699877,0.9986820540503738,0.9973675771866553,0.9947317945594277,0.9999935200425085,398
all,100,2,x86,behaviour-grouped,group,280214,766,511,255,0.6671018276762402,0.6553846549987793,0.9986945169712794,0.9985289231756055,0.9970621674129826,0.9941214842101224,0.9999923256974023,398
all,100,3,arm,row-random,window,112189,32590,3048,29542,0.9064743786437558,0.8474038243293762,0.9938017796870205,0.9821312135316265,0.9646321998491456,0.9713309354413908,0.9991592778358531,398
all,100,3,arm,row-random,binary,112189,1809,150,1659,0.9170812603648425,0.38727277517318726,0.9994472084024323,0.9981771114118468,0.9963608481664844,0.9963608481664844,1.0,398
all,100,3,arm,row-random,group,112189,1515,150,1365,0.900990099009901,0.38727277517318726,0.9993399339933994,0.9981446760775881,0.9962962156613575,0.9962962156613575,1.0,398
all,100,3,arm,hash-grouped,window,112099,32490,2978,29512,0.908341028008618,0.8004395961761475,0.988704216682056,0.965776682303469,0.9316104492089515,0.9267339167948413,0.9944137816200159,397
all,100,3,arm,hash-grouped,binary,112099,363,30,333,0.9173553719008265,0.5098447704315185,0.9944903581267218,0.9812616147016313,0.9632036098509239,0.9632036098509239,0.9988988988988989,397
all,100,3,arm,hash-grouped,group,112099,314,30,284,0.9044585987261147,0.5098447704315185,0.9936305732484076,0.981004234724743,0.9627079135472641,0.9627079135472641,0.9987089201877934,397
all,100,3,arm,behaviour-grouped,window,114835,28982,2987,25995,0.8969360292595404,0.6523140668869019,0.9957904906493685,0.9887225683115666,0.9775138566993562,0.9777277669426675,0.9993630345203647,62
all,100,3,arm,behaviour-grouped,binary,114835,424,30,394,0.9292452830188679,0.7699608993530274,0.9905660377358491,0.9661989795918368,0.9345560674975614,1.0,1.0,62
all,100,3,arm,behaviour-grouped,group,114835,226,30,196,0.8672566371681416,0.7699608993530274,0.9911504424778761,0.9813068651778329,0.9632931399472269,1.0,1.0,62
all,100,3,mips,row-random,window,288939,83327,52132,31195,0.6256315479976478,0.5043550133705139,0.9932794892411824,0.9928366106954827,0.9856886558653104,0.9856633051452747,0.9994047210499364,400
all,100,3,mips,row-random,binary,288939,4181,2601,1580,0.622099976082277,0.4995377163092295,0.9968906960057402,0.9966971948122751,0.9934048098154445,0.9934048098154445,0.9999464665488931,400
all,100,3,mips,row-random,group,288939,4128,2601,1527,0.6300872093023255,0.4995377163092295,0.9968507751937985,0.9966262125256009,0.9932632968367011,0.9932632968367011,0.9999514065292001,400
all,100,3,mips,hash-grouped,window,289654,82567,51675,30892,0.6258553659452324,0.6503909826278687,0.9919580461927889,0.9914227328560707,0.9828535133273799,0.9831194553081372,0.9983950960197115,400
all,100,3,mips,hash-grouped,binary,289654,836,520,316,0.6220095693779905,0.6067420196533203,0.9964114832535885,0.9961866358921493,0.9923764902397053,0.9923764902397053,0.9999695715676729,400
all,100,3,mips,hash-grouped,group,289654,830,520,310,0.6265060240963856,0.6067420196533203,0.9963855421686747,0.9961408452013967,0.9922849863993345,0.9922849863993345,0.999968982630273,400
all,100,3,mips,behaviour-grouped,window,289319,82907,51740,31167,0.6240727562208257,0.4631555676460266,0.9925458646435162,0.9920757802877516,0.9841986457081463,0.9841979545277759,0.9991199264597369,351
all,100,3,mips,behaviour-grouped,binary,289319,836,520,316,0.6220095693779905,0.6408060686928885,0.9976076555023924,0.9974593217969524,0.9949315190627828,0.9924115258322902,0.9999452288218111,351
all,100,3,mips,behaviour-grouped,group,289319,830,520,310,0.6265060240963856,0.6408060686928885,0.9975903614457832,0.9974288918213978,0.9948709688074815,0.9923212185757121,0.9999565756823822,351
all,100,3,mipsel,row-random,window,278335,78833,49502,29331,0.6279350018393313,0.48478829860687256,0.9947737622569228,0.9944174205541294,0.9888583911505079,0.9888852303751131,0.9995420826259589,400
all,100,3,mipsel,row-random,binary,278335,4002,2496,1506,0.623688155922039,0.5195147964087399,0.9977511244377811,0.9976061060048802,0.9952157405220914,0.9952157405220914,0.9999696725916845,400
all,100,3,mipsel,row-random,group,278335,3963,2496,1467,0.6298258894776685,0.5195147964087399,0.9979813272773151,0.997837209492702,0.9956796692318769,0.9956796692318769,0.999974874591439,400
all,100,3,mipsel,hash-grouped,window,277536,79639,49665,29974,0.6236266151006417,0.505710244178772,0.9949898918871407,0.9946739033279317,0.9893782286514874,0.9894052030266386,0.9993820104676645,396
all,100,3,mipsel,hash-grouped,binary,277536,801,499,302,0.6229712858926342,0.6035306930541993,0.9987515605493134,0.9986720492054677,0.9973476203605273,0.9920741126755105,0.9999137347542768,396
all,100,3,mipsel,hash-grouped,group,277536,800,499,301,0.62375,0.6035306930541993,0.99875,0.9986693080901078,0.9973421526707646,0.9920579035943201,0.999913448158776,396
all,100,3,mipsel,behaviour-grouped,window,277889,79001,49681,29320,0.6288654573992734,0.9385881423950195,0.9839622283262237,0.9827363293344017,0.9656466942267298,0.9806494710516326,0.9990450705789431,395
all,100,3,mipsel,behaviour-grouped,binary,277889,802,499,303,0.6221945137157108,0.8010417556762696,0.9937655860349127,0.9933565605207396,0.9867446749027599,0.9840802107884813,0.9997552861498574,395
all,100,3,mipsel,behaviour-grouped,group,277889,791,499,292,0.6308470290771175,0.8010417556762696,0.9936788874841972,0.9931995715128246,0.9864321982555573,0.9837053702203445,0.9997460674774206,395
all,100,3,x86,row-random,window,278552,79520,50659,28861,0.6370598591549296,0.35438597202301025,0.9939134808853118,0.9934318195917373,0.98688912925834,0.9868028805519594,0.9994765829853745,398
all,100,3,x86,row-random,binary,278552,4174,2554,1620,0.6118830857690465,0.6085211277008057,0.9983229516051749,0.9982343540033809,0.9964688350159611,0.9954609191241511,0.9999893655075069,398
all,100,3,x86,row-random,group,278552,3869,2544,1325,0.6575342465753424,0.6085211277008057,0.9987076764021711,0.9985655108468365,0.9971311860548696,0.9959863569887855,0.9999949566868399,398
all,100,3,x86,hash-grouped,window,278984,79287,50641,28646,0.6387049579376191,0.7407628297805786,0.9918019347434005,0.9911286306392249,0.98226578656185,0.9824631913197782,0.9987557722660437,394
all,100,3,x86,hash-grouped,binary,278984,838,511,327,0.6097852028639619,0.6367721748352051,0.9964200477326969,0.9962366339879554,0.9924764028759463,0.9924764028759463,0.9999581081647188,394
all,100,3,x86,hash-grouped,group,278984,786,510,276,0.6488549618320612,0.6367721748352051,0.9961832061068703,0.9958085290567769,0.9916209443910763,0.9916209443910763,0.9999502699630577,394
all,100,3,x86,behaviour-grouped,window,280214,80851,50652,30199,0.6264857577519141,0.17646938562393188,0.9933086789279044,0.9928723550739147,0.9858141709566846,0.9879488084320014,0.9993847930525926,400
all,100,3,x86,behaviour-grouped,binary,280214,813,511,302,0.6285362853628536,0.6897114372253418,0.998769987699877,0.9986820540503738,0.9973675771866553,1.0,1.0,400
all,100,3,x86,behaviour-grouped,group,280214,766,511,255,0.6671018276762402,0.6897114372253418,0.9986945169712794,0.9985289231756055,0.9970621674129826,1.0,1.0,400
all,100,4,arm,row-random,window,112549,32403,3039,29364,0.9062123877418757,0.7212226390838623,0.9950621856000987,0.9856613679116079,0.9714441862097285,0.9743957346188734,0.9989888689465322,396
all,100,4,arm,row-random,binary,112549,1808,150,1658,0.9170353982300885,0.4429384299686977,0.9994469026548672,0.9981770205780902,0.9963606671600866,0.9963606671600866,0.9999517490952956,396
all,100,4,arm,row-random,group,112549,1515,150,1365,0.900990099009901,0.4429384299686977,0.9993399339933994,0.9981446760775881,0.9962962156613575,0.9962962156613575,0.99995115995116,396
all,100,4,arm,hash-grouped,window,112099,32490,2978,29512,0.908341028008618,0.8662651777267456,0.9888888888888889,0.9665403458020511,0.9330865479814402,0.93027494521018,0.9896155149054575,395
all,100,4,arm,hash-grouped,binary,112099,363,30,333,0.9173553719008265,0.48520118713378907,0.9944903581267218,0.9812616147016313,0.9632036098509239,0.9632036098509239,0.9988988988988989,395
all,100,4,arm,hash-grouped,group,112099,314,30,284,0.9044585987261147,0.48520118713378907,0.9936305732484076,0.981004234724743,0.9627079135472641,0.9627079135472641,0.9987089201877934,395
all,100,4,arm,behaviour-grouped,window,114835,28982,2987,25995,0.8969360292595404,0.6315299272537231,0.9959630115243945,0.9891609543840505,0.978362396445341,0.9775204778488265,0.9993146875545137,60
all,100,4,arm,behaviour-grouped,binary,114835,424,30,394,0.9292452830188679,0.7803502655029297,0.9929245283018868,0.9742796481649985,0.9498257193257903,1.0,1.0,60
all,100,4,arm,behaviour-grouped,group,114835,226,30,196,0.8672566371681416,0.7803502655029297,0.995575221238938,0.9905245063100079,0.9812260069063403,1.0,1.0,60
all,100,4,mips,row-random,window,290053,82512,51786,30726,0.6276178010471204,0.5359932780265808,0.993455497382199,0.9930088372165746,0.986031521659034,0.9860590195871708,0.9994168878055346,400
all,100,4,mips,row-random,binary,290053,4180,2601,1579,0.6222488038277512,0.655917672367839,0.9973684210526316,0.9972014537589534,0.9944030365862727,0.9954228592803495,0.9999500849651289,400
all,100,4,mips,row-random,group,290053,4129,2601,1528,0.6299346088641318,0.655917672367839,0.9978202954710583,0.9976633799556973,0.9953279701742367,0.9953279701742367,0.9999547093244443,400
all,100,4,mips,hash-grouped,window,289654,82567,51675,30892,0.6258553659452324,0.6528027057647705,0.9917400414209067,0.9911899891107793,0.982387616914056,0.9823655186700855,0.9983147336467119,400
all,100,4,mips,hash-grouped,binary,289654,836,520,316,0.6220095693779905,0.5922285461425781,0.9964114832535885,0.9961866358921493,0.9923764902397053,0.9923764902397053,0.9999695715676729,400
all,100,4,mips,hash-grouped,group,289654,830,520,310,0.6265060240963856,0.5922285461425781,0.9963855421686747,0.9961408452013967,0.9922849863993345,0.9922849863993345,0.999968982630273,400
all,100,4,mips,behaviour-grouped,window,289319,82907,51740,31167,0.6240727562208257,0.3921752870082855,0.9926061731819991,0.9921385654259374,0.9843177788925355,0.9842606710226168,0.9991266070561261,400
all,100,4,mips,behaviour-grouped,binary,289319,836,520,316,0.6220095693779905,0.6751361642565046,0.9976076555023924,0.9974593217969524,0.9949315190627828,0.9949315190627828,0.9999756572541383,400
all,100,4,mips,behaviour-grouped,group,289319,830,520,310,0.6265060240963856,0.6751361642565046,0.9975903614457832,0.9974288918213978,0.9948709688074815,0.9948709688074815,0.9999875930521092,400
all,100,4,mipsel,row-random,window,277668,79620,49875,29745,0.6264129615674454,0.4790304899215698,0.9951519718663653,0.9948277645208463,0.9896692484006144,0.9896688313766909,0.999583437329245,400
all,100,4,mipsel,row-random,binary,277668,4003,2496,1507,0.6235323507369472,0.7224632582881234,0.9982513115163627,0.9981368947825274,0.9962750621647735,0.9957515777851449,0.9999688951559389,400
all,100,4,mipsel,row-random,group,277668,3963,2496,1467,0.6298258894776685,0.7224632582881234,0.9984859954579863,0.9983760867747982,0.9967527585546603,0.9956796692318769,0.9999702318529006,400
all,100,4,mipsel,hash-grouped,window,277536,79639,49665,29974,0.6236266151006417,0.44355273246765137,0.994675975338716,0.9943410338696752,0.9887174303500825,0.9888218581995182,0.999388800472608,390
all,100,4,mipsel,hash-grouped,binary,277536,801,499,302,0.6229712858926342,0.5498625755310059,0.9987515605493134,0.9986720492054677,0.9973476203605273,0.9947056876916114,0.9999004631780116,390
all,100,4,mipsel,hash-grouped,group,277536,800,499,301,0.62375,0.5498625755310059,0.99875,0.9986693080901078,0.9973421526707646,0.994694817244614,0.9999001324908954,390
all,100,4,mipsel,behaviour-grouped,window,277889,79001,49681,29320,0.6288654573992734,0.8883554935455322,0.9841774154757534,0.9829759882834852,0.9660947114812795,0.9816975572530551,0.9990526523750863,400
all,100,4,mipsel,behaviour-grouped,binary,277889,802,499,303,0.6221945137157108,0.8070037078857422,0.9925187032418953,0.9920225993196332,0.9841012890240118,0.9893913239019293,0.9998148111404327,400
all,100,4,mipsel,behaviour-grouped,group,277889,791,499,292,0.6308470290771175,0.8070037078857422,0.9924146649810367,0.9918335742308486,0.9837259123468568,0.9891426688994427,0.9998421500535317,400
all,100,4,x86,row-random,window,278760,79576,50606,28970,0.6359455112094099,0.5560794472694397,0.9939303307529909,0.9934592884185983,0.9869473342407108,0.9868955868112107,0.9995352363186281,400
all,100,4,x86,row-random,binary,278760,4172,2554,1618,0.6121764141898369,0.6627005404896207,0.9988015340364333,0.9987378699225509,0.997475867113941,0.9954625849168329,0.9999886263869758,400
all,100,4,x86,row-random,group,278760,3870,2544,1326,0.6573643410852713,0.6627005404896207,0.9989664082687338,0.9988527704260224,0.9977055408520448,0.9954219297961147,0.9999949604902435,400
all,100,4,x86,hash-grouped,window,278984,79287,50641,28646,0.6387049579376191,0.697791576385498,0.991877609191923,0.9912115772377166,0.9824335674733473,0.9826582257162203,0.9985506817746942,400
all,100,4,x86,hash-grouped,binary,278984,838,511,327,0.6097852028639619,0.5826666450500488,0.9964200477326969,0.9962366339879554,0.9924764028759463,0.9924764028759463,0.999946139068924,400
all,100,4,x86,hash-grouped,group,278984,786,510,276,0.6488549618320612,0.5826666450500488,0.9961832061068703,0.9958085290567769,0.9916209443910763,0.9916209443910763,0.9999360613810742,400
all,100,4,x86,behaviour-grouped,window,280214,80851,50652,30199,0.6264857577519141,0.2103492021560669,0.9933705210819903,0.9929368934507017,0.9859345916347451,0.988601022139451,0.9993570616863965,400
all,100,4,x86,behaviour-grouped,binary,280214,813,511,302,0.6285362853628536,0.6728504943847656,0.998769987699877,0.9986820540503738,0.9973675771866553,0.9947317945594277,0.9999935200425084,400
all,100,4,x86,behaviour-grouped,group,280214,766,511,255,0.6671018276762402,0.6728504943847656,0.9986945169712794,0.9985289231756055,0.9970621674129826,0.9941214842101224,0.9999923256974022,400
mid,25,0,arm,row-random,window,28955,8310,752,7558,0.9095066185318893,0.5463851094245911,0.9938628158844766,0.9813694125766685,0.9627390837429513,0.9619854684060288,0.9989300825390033,334
mid,25,0,arm,row-random,binary,28955,1735,150,1585,0.9135446685878963,0.5835186958312988,0.9988472622478386,0.9963512092534175,0.9927024185068349,0.9963468370784343,0.9999663512092535,334
mid,25,0,arm,row-random,group,28955,1503,150,1353,0.9001996007984032,0.5835186958312988,0.9986693280106453,0.9962971175166297,0.9925942350332594,0.9962929812956755,0.9999655087459967,334
mid,25,0,arm,hash-grouped,window,28879,8324,750,7574,0.9098990869774147,0.8295655250549316,0.9872657376261412,0.961353450903854,0.9227228182050339,0.9221975783721407,0.9860881084411582,284
mid,25,0,arm,hash-grouped,binary,28879,349,30,319,0.9140401146131805,0.47672860145568846,0.994269340974212,0.9811961206896551,0.9630774487952594,0.9630774487952594,0.989864158829676,284
mid,25,0,arm,hash-grouped,group,28879,311,30,281,0.9035369774919614,0.47672860145568846,0.9935691318327974,0.9809855710442652,0.9626719784250285,0.9626719784250285,0.9887307236061684,284
mid,25,0,arm,behaviour-grouped,window,28794,8327,750,7577,0.9099315479764621,0.7053272724151611,0.996157079380329,0.9883889674972661,0.9768440419259016,0.9758371329736937,0.9991963398002728,54
mid,25,0,arm,behaviour-grouped,binary,28794,420,30,390,0.9285714285714286,0.8240347290039063,0.9976190476190476,0.9911614301647762,0.982476740643618,1.0,1.0,54
mid,25,0,arm,behaviour-grouped,group,28794,224,30,194,0.8660714285714286,0.8240347290039063,0.9955357142857143,0.9905112890244419,0.9812000687890753,1.0,1.0,54
mid,25,0,mips,row-random,window,72825,20676,13004,7672,0.6289417682337008,0.5037909746170044,0.9934223254014316,0.9929630782530615,0.9859394424712284,0.9859394424712284,0.9993965069783615,397
mid,25,0,mips,row-random,binary,72825,4137,2587,1550,0.6253323664491177,0.5148392021656036,0.9966159052453468,0.9963908801770723,0.9927838788551756,0.9938192953667995,0.9999642131251792,397
mid,25,0,mips,row-random,group,72825,4096,2587,1509,0.631591796875,0.5148392021656036,0.99658203125,0.9963296880260424,0.9926615668053802,0.9937146938832407,0.9999632407846442,397
mid,25,0,mips,hash-grouped,window,72689,20726,12976,7750,0.6260735308308405,0.3840889632701874,0.991894239119946,0.991363041548597,0.9827648213011101,0.982756969816116,0.9983645390000396,370
mid,25,0,mips,hash-grouped,binary,72689,830,520,310,0.6265060240963856,0.6636727333068848,0.9975903614457832,0.9974255583126551,0.9948511166253102,0.9897287163220524,0.999968982630273,370
mid,25,0,mips,hash-grouped,group,72689,826,520,306,0.6295399515738499,0.6636727333068848,0.9975786924939467,0.997404474610357,0.994808949220714,0.9896451408283435,0.9999685771744595,370
mid,25,0,mips,behaviour-grouped,window,72620,20766,12966,7800,0.624386015602427,0.31926411390304565,0.9924877203120486,0.9920155229762748,0.984100952610003,0.9846911182761849,0.9991296121611948,395
mid,25,0,mips,behaviour-grouped,binary,72620,832,520,312,0.625,0.7937216567993164,0.9987980769230769,0.9987187680461982,0.9974408147422773,0.9923517041663731,1.0,395
mid,25,0,mips,behaviour-grouped,group,72620,827,520,307,0.6287787182587666,0.7937216567993164,0.9987908101571947,0.998705759916117,0.9974148653325824,0.9922747508333765,1.0,395
mid,25,0,mipsel,row-random,window,69712,19951,12543,7408,0.6286902912134731,0.4274759888648987,0.9947872287103403,0.9944293265929308,0.988893358346607,0.988785040231623,0.9995002988854409,383
mid,25,0,mipsel,row-random,binary,69712,3983,2491,1492,0.6254079839317097,0.6418071786562602,0.9974893296510168,0.9973222204473444,0.9946467289309366,0.9935927376681202,0.9999165898037223,383
mid,25,0,mipsel,row-random,group,69712,3949,2491,1458,0.6307926057229678,0.6418071786562602,0.9974677133451507,0.9972832517873162,0.9945688585562968,0.9935000076830988,0.9999157460685628,383
mid,25,0,mipsel,hash-grouped,window,69670,19993,12458,7535,0.6231180913319662,0.5451555252075195,0.9951483019056669,0.9948441416970419,0.9897135104449116,0.9898208390865876,0.9994664275016477,343
mid,25,0,mipsel,hash-grouped,binary,69670,801,499,302,0.6229712858926342,0.4211117553710938,0.9950062421972534,0.9946984538811818,0.9894528069816667,0.9973476203605273,0.9999933642118675,343
mid,25,0,mipsel,hash-grouped,group,69670,800,499,301,0.62375,0.4211117553710938,0.995,0.994687597532389,0.989431322592365,0.9973421526707646,0.9999933421660597,343
mid,25,0,mipsel,behaviour-grouped,window,69765,19848,12475,7373,0.6285268037081821,0.43222928047180176,0.9905783958081419,0.9899292903050697,0.979881356375825,0.9801912640247116,0.9988287112676457,351
mid,25,0,mipsel,behaviour-grouped,binary,69765,795,499,296,0.6276729559748428,0.7798707580566406,0.9949685534591195,0.9946101694915255,0.9892347807447033,0.9892352272111791,0.9997630395926989,351
mid,25,0,mipsel,behaviour-grouped,group,69765,789,499,290,0.632446134347275,0.7798707580566406,0.9949302915082383,0.9945397923875432,0.9890944046187939,0.9890954322437979,0.9997581369635823,351
mid,25,0,x86,row-random,window,69452,19762,12712,7050,0.6432547313024998,0.5648846626281738,0.9933205141180043,0.9927418413216214,0.9855240245190825,0.9856383386571042,0.99927023776049,372
mid,25,0,x86,row-random,binary,69452,3958,2543,1415,0.6424962102071754,0.679631342490514,0.9977261243052047,0.9975254999171623,0.9950511506187941,0.993411898538126,0.9999490043339369,372
mid,25,0,x86,row-random,group,69452,3852,2533,1319,0.6575804776739356,0.679631342490514,0.9976635514018691,0.9974063584915611,0.9948128826078001,0.9930958266753696,0.9999467229687159,372
mid,25,0,x86,hash-grouped,window,69411,19735,12756,6979,0.6463643273372182,0.6549383401870728,0.9915885482645047,0.9908174121873714,0.9816552070272185,0.9812179802888696,0.997873728024552,354
mid,25,0,x86,hash-grouped,binary,69411,796,511,285,0.6419597989949748,0.675281867980957,0.9962311557788944,0.9958975204737437,0.9917987644393474,0.9890685618154976,0.9997390737116765,354
mid,25,0,x86,hash-grouped,group,69411,783,510,273,0.6513409961685823,0.675281867980957,0.9961685823754789,0.995778558527797,0.991561058929099,0.9887524240465417,0.9997270703153056,354
mid,25,0,x86,behaviour-grouped,window,70369,20266,12716,7550,0.6274548504885029,0.6335461735725403,0.9933879403927761,0.9929427618087958,0.9859173256170296,0.9857116012944872,0.9989857123215472,396
mid,25,0,x86,behaviour-grouped,binary,70369,813,511,302,0.6285362853628536,0.6870432472229004,0.998769987699877,0.9986820540503738,0.9973675771866553,0.9947317945594277,0.9999805601275255,396
mid,25,0,x86,behaviour-grouped,group,70369,766,511,255,0.6671018276762402,0.6870432472229004,0.9986945169712794,0.9985289231756055,0.9970621674129826,0.9941214842101224,0.9999769770922067,396
all,25,0,arm,row-random,window,31236,8960,720,8240,0.9196428571428571,0.7879714965820312,0.9916294642857143,0.9723641472680047,0.9451221479498353,0.9488557468033211,0.9975336266181231,329
all,25,0,arm,row-random,binary,31236,1800,150,1650,0.9166666666666666,0.4216340184211731,0.9983333333333333,0.9944953623427738,0.9890507649296802,0.9854545454545455,0.9992222222222222,329
all,25,0,arm,row-random,group,31236,1507,150,1357,0.900464499004645,0.4216340184211731,0.9980092899800929,0.994397415450047,0.9888570348104511,0.985192827315156,0.9991058707934168,329
all,25,0,arm,hash-grouped,window,31200,8960,750,8210,0.9162946428571429,0.8571130037307739,0.9878348214285714,0.9602753376610536,0.9205529052485193,0.917091341237667,0.9881170929760456,396
all,25,0,arm,hash-grouped,binary,31200,363,30,333,0.9173553719008265,0.5241219806671142,0.9944903581267218,0.9812616147016313,0.9632036098509239,0.9632036098509239,0.9890890890890891,396
all,25,0,arm,hash-grouped,group,31200,314,30,284,0.9044585987261147,0.5241219806671142,0.9936305732484076,0.981004234724743,0.9627079135472641,0.9627079135472641,0.9875586854460094,396
all,25,0,arm,behaviour-grouped,window,29776,10560,750,9810,0.9289772727272727,0.8755778670310974,0.9928030303030303,0.9737292761580219,0.9483364933587926,0.9669983371837645,0.9991541284403669,63
all,25,0,arm,behaviour-grouped,binary,29776,424,30,394,0.9292452830188679,0.7664936447143555,0.9929245283018868,0.9742796481649985,0.9498257193257903,1.0,1.0,63
all,25,0,arm,behaviour-grouped,group,29776,226,30,196,0.8672566371681416,0.7664936447143555,0.995575221238938,0.9905245063100079,0.9812260069063403,1.0,1.0,63
all,25,0,mips,row-random,window,73130,20726,12931,7795,0.6239023448808261,0.4792015850543976,0.9931487021132877,0.9927060164982122,0.9854167455192631,0.9854167455192631,0.9993514250825258,390
all,25,0,mips,row-random,binary,73130,4167,2589,1578,0.6213102951763858,0.4921021511157354,0.9968802495800336,0.9966871644455219,0.9933775645189065,0.9933775645189065,0.999859501126194,390
all,25,0,mips,row-random,group,73130,4114,2589,1525,0.6293145357316481,0.4921021511157354,0.9968400583373845,0.9966158161649481,0.9932350084825291,0.9932350084825291,0.9998596837819527,390
all,25,0,mips,hash-grouped,window,72971,20841,12996,7845,0.6235785231034979,0.712907075881958,0.9910273019528814,0.9904461815622657,0.9808929883868681,0.9812080273447451,0.9984511879028916,352
all,25,0,mips,hash-grouped,binary,72971,836,520,316,0.6220095693779905,0.5608222579956055,0.9964114832535885,0.9961866358921493,0.9923764902397053,0.9923764902397053,0.9999208860759493,352
all,25,0,mips,hash-grouped,group,72971,830,520,310,0.6265060240963856,0.5608222579956055,0.9963855421686747,0.9961408452013967,0.9922849863993345,0.9922849863993345,0.9999193548387096,352
all,25,0,mips,behaviour-grouped,window,72939,20857,12996,7861,0.6231001582202618,0.5512773990631104,0.9920889869108692,0.9915963258009841,0.983229802262907,0.9831345103353399,0.9990431919419864,377
all,25,0,mips,behaviour-grouped,binary,72939,836,520,316,0.6220095693779905,0.7933364936283657,0.9964114832535885,0.9961818987289741,0.992367023883928,0.9924115258322902,0.9999513145082766,377
all,25,0,mips,behaviour-grouped,group,72939,830,520,310,0.6265060240963856,0.7933364936283657,0.9975903614457832,0.9974255583126551,0.9948511166253102,0.9923212185757121,0.9999565756823822,377
all,25,0,mipsel,row-random,window,69851,20031,12607,7424,0.6293744695721631,0.6927969455718994,0.9939593629873695,0.993536768738817,0.9870946248617467,0.9869953906629029,0.9994139764905512,400
all,25,0,mipsel,row-random,binary,69851,3992,2490,1502,0.62374749498998,0.4970056563615799,0.9974949899799599,0.9973343419029701,0.9946777534842958,0.9946777534842958,0.9999156412601137,400
all,25,0,mipsel,row-random,group,69851,3953,2490,1463,0.6299013407538578,0.4970056563615799,0.9974702757399444,0.9972902103175191,0.9945897925121687,0.9945897925121687,0.9999150395155467,400
all,25,0,mipsel,hash-grouped,window,69859,20025,12475,7550,0.6229712858926342,0.33056071400642395,0.9951560549313359,0.9948520850731075,0.9897236723563351,0.9896113014899688,0.9994723911398956,400
all,25,0,mipsel,hash-grouped,binary,69859,801,499,302,0.6229712858926342,0.5074386405944824,0.9987515605493134,0.9986720492054677,0.9973476203605273,0.9973476203605273,0.9999070989661442,400
all,25,0,mipsel,hash-grouped,group,69859,800,499,301,0.62375,0.5074386405944824,0.99875,0.9986693080901078,0.9973421526707646,0.9973421526707646,0.9999067903248358,400
all,25,0,mipsel,behaviour-grouped,window,69873,19944,12475,7469,0.6255014039310068,0.8872077465057373,0.9820998796630566,0.980791575634822,0.9618077652259639,0.9759306623490385,0.9984906752855021,257
all,25,0,mipsel,behaviour-grouped,binary,69873,802,499,303,0.6221945137157108,0.791725959777832,0.9925187032418953,0.9920225993196332,0.9841012890240118,0.9893913239019293,0.9996560778322321,257
all,25,0,mipsel,behaviour-grouped,group,69873,791,499,292,0.6308470290771175,0.791725959777832,0.9924146649810367,0.9918335742308486,0.9837259123468568,0.9891426688994427,0.9996431218601586,257
all,25,0,x86,row-random,window,72247,20573,12731,7842,0.6188207845234044,0.3129323124885559,0.9927574976911486,0.9923449427157855,0.9847567520739455,0.9852542846353505,0.9994153691402369,355
all,25,0,x86,row-random,binary,72247,4162,2541,1621,0.610523786641038,0.6531547407309215,0.9985583853916387,0.998484326508554,0.9969686530171079,0.995962040700903,0.9999021597922388,355
all,25,0,x86,row-random,group,72247,3854,2531,1323,0.6567202906071614,0.6531547407309215,0.9984431759211209,0.9982735620258902,0.9965471240517806,0.9954021181718472,0.999896073271927,355
all,25,0,x86,hash-grouped,window,72055,20630,12775,7855,0.6192438196800776,0.6067336797714233,0.9912263693650024,0.9907164412084019,0.9814705245838423,0.9817822882079104,0.9984850314095625,400
all,25,0,x86,hash-grouped,binary,72055,838,511,327,0.6097852028639619,0.5595709419250489,0.9964200477326969,0.9962366339879554,0.9924764028759463,0.9924764028759463,0.9999281854252321,400
all,25,0,x86,hash-grouped,group,72055,786,510,276,0.6488549618320612,0.5595709419250489,0.9961832061068703,0.9958085290567769,0.9916209443910763,0.9916209443910763,0.9999147485080989,400
all,25,0,x86,behaviour-grouped,window,70857,20323,12773,7550,0.6284997293706638,0.3674349784851074,0.9926684052551297,0.9921707081798781,0.9843950891959151,0.9868728235595181,0.9991699067206644,324
all,25,0,x86,behaviour-grouped,binary,70857,813,511,302,0.6285362853628536,0.5505675411224364,0.998769987699877,0.9986820540503738,0.9973675771866553,0.9947317945594277,0.9999805601275255,324
all,25,0,x86,behaviour-grouped,group,70857,766,511,255,0.6671018276762402,0.5505675411224364,0.9986945169712794,0.9985289231756055,0.9970621674129826,0.9941214842101224,0.9999769770922067,324
