experiment,held_out,view,train_n,test_n,test_benign,test_malware,chance,accuracy,macro_f1,mcc,auroc,best_round
in-architecture,arm,binary,1248,380,30,350,0.9210526315789473,0.9973684210526316,0.9908121569670447,0.9817905227589525,1.0,106
in-architecture,arm,group,1248,301,30,271,0.9003322259136213,0.9966777408637874,0.990604613415738,0.9813830776501291,1.0,106
in-architecture,mips,binary,2925,836,520,316,0.6220095693779905,0.9988038277511961,0.9987272995763248,0.9974578343203861,1.0,272
in-architecture,mips,group,2925,833,520,313,0.624249699879952,0.9987995198079231,0.998719692603266,0.9974426591275978,1.0,272
in-architecture,mipsel,binary,2798,803,499,304,0.6214196762141968,0.9987546699875467,0.998677477424062,0.9973584480904862,1.0,148
in-architecture,mipsel,group,2798,796,499,297,0.6268844221105527,0.9987437185929648,0.9986581593520056,0.9973199146437894,1.0,148
in-architecture,x86,binary,2924,837,511,326,0.6105137395459976,1.0,1.0,1.0,1.0,170
in-architecture,x86,group,2924,815,510,305,0.6257668711656441,1.0,1.0,1.0,1.0,170
leave-one-architecture-out,arm,binary,8647,1809,150,1659,0.9170812603648425,0.9928137092316197,0.9772665097417506,0.9555282903562343,0.9999718706047821,340
leave-one-architecture-out,arm,group,8647,1515,150,1365,0.900990099009901,0.9933993399339934,0.9820327324478179,0.9646926288367027,0.9999658119658119,340
leave-one-architecture-out,mips,binary,6970,4182,2601,1581,0.6219512195121951,1.0,1.0,1.0,1.0,277
leave-one-architecture-out,mips,group,6970,4129,2601,1528,0.6299346088641318,1.0,1.0,1.0,1.0,277
leave-one-architecture-out,mipsel,binary,7097,4003,2496,1507,0.6235323507369472,0.9997501873594804,0.9997339821961455,0.9994681058833027,0.9999999999999999,246
leave-one-architecture-out,mipsel,group,7097,3963,2496,1467,0.6298258894776685,0.9997476659096644,0.9997294619241381,0.9994590701877227,1.0,246
leave-one-architecture-out,x86,binary,6971,4182,2554,1628,0.6107125777140124,1.0,1.0,1.0,1.0,264
leave-one-architecture-out,x86,group,6971,3870,2544,1326,0.6573643410852713,1.0,1.0,1.0,1.0,264
architecture-sanity,all,binary,9895,2856,1560,1296,0.2930672268907563,0.6207983193277311,0.6688597442907428,0.4816392663098995,,135
