MalwareFamily,count,Architecture,DataType
Mirai,507772,ARM,pcap
Benign,51791,ARM,pcap
DarkNexus,44156,ARM,pcap
Gafgyt,10450,ARM,pcap
Generic,9050,ARM,pcap
Tsunami,786,ARM,pcap
Agent,26,ARM,pcap
Mirai,320607,ARM,sar
Benign,230367,ARM,sar
DarkNexus,10399,ARM,sar
Generic,3458,ARM,sar
Gafgyt,595,ARM,sar
Tsunami,359,ARM,sar
Agent,120,ARM,sar
Agent,20,ARM,strace
Benign,878657,ARM,strace
DarkNexus,505006,ARM,strace
Gafgyt,84316,ARM,strace
Generic,149191,ARM,strace
Mirai,20323388,ARM,strace
Tsunami,48718,ARM,strace
Mirai,602510,MIPS,pcap
Benign,83968,MIPS,pcap
Gafgyt,19580,MIPS,pcap
DarkNexus,13578,MIPS,pcap
Generic,1248,MIPS,pcap
Benign,256545,MIPS,sar
Mirai,134186,MIPS,sar
DarkNexus,3590,MIPS,sar
Gafgyt,1833,MIPS,sar
Generic,176,MIPS,sar
Benign,6592302,MIPS,strace
DarkNexus,286968,MIPS,strace
Gafgyt,160459,MIPS,strace
Generic,4993,MIPS,strace
Mirai,22949149,MIPS,strace
Mirai,568971,MIPSEL,pcap
Benign,81254,MIPSEL,pcap
Gafgyt,15903,MIPSEL,pcap
DarkNexus,10421,MIPSEL,pcap
Generic,1599,MIPSEL,pcap
Agent,335,MIPSEL,pcap
Rudedevil,207,MIPSEL,pcap
Benign,251242,MIPSEL,sar
Mirai,130185,MIPSEL,sar
DarkNexus,3376,MIPSEL,sar
Gafgyt,1599,MIPSEL,sar
Generic,342,MIPSEL,sar
Agent,96,MIPSEL,sar
Rudedevil,85,MIPSEL,sar
Agent,6297,MIPSEL,strace
Benign,5422828,MIPSEL,strace
DarkNexus,230391,MIPSEL,strace
Gafgyt,122211,MIPSEL,strace
Generic,11904,MIPSEL,strace
Mirai,21828458,MIPSEL,strace
Rudedevil,279,MIPSEL,strace
Mirai,319808,x86,pcap
Benign,82622,x86,pcap
DarkNexus,9938,x86,pcap
Gafgyt,7666,x86,pcap
Generic,4076,x86,pcap
Benign,307852,x86,sar
Mirai,192440,x86,sar
DarkNexus,6000,x86,sar
Generic,1440,x86,sar
Gafgyt,910,x86,sar
Benign,5832881,x86,strace
DarkNexus,227611,x86,strace
Gafgyt,32777,x86,strace
Generic,15752,x86,strace
Mirai,19745632,x86,strace
