column,arm,mips,mipsel,x86
Call__llseek,1,1,1,1
Call__newselect,1,1,1,1
Call_accept,1,1,1,1
Call_access,1,1,1,1
Call_bind,1,1,1,1
Call_brk,1,1,1,1
Call_cacheflush,1,1,1,0
Call_chdir,1,1,1,1
Call_chmod,1,1,1,1
Call_chown,0,1,1,0
Call_chown32,1,0,0,1
Call_cloc,1,0,0,0
Call_clock_gettime,1,1,1,1
Call_clock_gettime64,0,1,1,1
Call_clock_nanosleep_time64,0,1,1,1
Call_clone,1,1,1,1
Call_close,1,1,1,1
Call_connect,1,1,1,1
Call_dup,0,0,0,1
Call_dup2,1,1,1,1
Call_epoll_create1,1,1,1,1
Call_epoll_ctl,1,1,1,1
Call_epoll_pwait,1,1,1,1
Call_epoll_wait,1,0,0,0
Call_execve,1,1,1,1
Call_exit,1,1,1,1
Call_exit_group,1,1,1,1
Call_fc,0,0,0,1
Call_fchdir,0,1,1,0
Call_fcntl,1,1,1,1
Call_fcntl64,1,1,1,1
Call_flock,1,1,1,1
Call_fork,1,1,1,1
Call_fstat,1,1,1,1
Call_fstat64,1,0,1,1
Call_fstatat64,1,0,0,0
Call_fsync,1,1,1,1
Call_ftruncate64,0,1,1,1
Call_futex,1,1,1,1
Call_g,1,0,0,1
Call_ge,1,0,0,0
Call_get,1,0,0,0
Call_getcwd,1,1,1,1
Call_getd,0,0,0,1
Call_getdents,1,0,0,1
Call_getdents64,1,1,1,1
Call_getegid,0,1,1,0
Call_geteuid,0,1,1,0
Call_geteuid32,1,0,0,1
Call_getgid,0,1,1,0
Call_getgid32,1,0,0,1
Call_getpgid,1,0,0,1
Call_getpid,1,1,1,1
Call_getppid,1,1,1,1
Call_getpriority,0,1,1,0
Call_getrandom,0,1,1,1
Call_getrlimit,0,1,1,0
Call_getrusage,1,1,1,1
Call_getsockname,1,1,1,1
Call_getsockopt,1,1,1,1
Call_gett,1,0,0,0
Call_getti,1,0,0,0
Call_gettid,1,1,1,1
Call_gettime,1,0,0,0
Call_gettimeofday,1,0,0,0
Call_getuid,0,1,1,0
Call_getuid32,1,0,0,1
Call_inotify_add_watch,1,1,1,1
Call_inotify_init,1,1,1,1
Call_inotify_init1,0,0,1,0
Call_ioct,0,0,0,1
Call_ioctl,1,1,1,1
Call_kill,1,1,1,1
Call_link,1,0,1,1
Call_listen,1,1,1,1
Call_lseek,1,1,1,1
Call_lstat,0,0,0,1
Call_lstat64,1,0,0,0
Call_madvise,1,0,0,0
Call_membarrier,0,1,1,1
Call_mkdir,1,1,1,1
Call_mmap,0,1,1,1
Call_mmap2,1,1,1,1
Call_mount,1,1,1,0
Call_mprotect,1,1,1,1
Call_mremap,0,1,1,1
Call_munmap,1,1,1,1
Call_na,1,0,0,0
Call_nanosleep,1,1,1,1
Call_open,1,1,1,1
Call_openat,1,0,0,0
Call_pause,0,0,1,1
Call_pipe,1,1,1,1
Call_pipe2,1,1,1,1
Call_poll,1,1,1,1
Call_prctl,1,1,1,1
Call_pread64,0,0,1,1
Call_prlimit64,0,1,1,1
Call_ptrace,1,1,1,1
Call_pwrite64,0,0,0,1
Call_r,0,0,0,1
Call_re,0,0,0,1
Call_read,1,1,1,1
Call_readlin,1,0,0,0
Call_readlink,1,1,1,1
Call_readv,1,1,1,1
Call_recv,1,1,1,1
Call_recvfrom,1,1,1,1
Call_recvmsg,1,1,1,1
Call_rename,1,1,1,1
Call_restart_syscall,0,1,1,1
Call_rmdir,1,1,1,1
Call_rt_,1,0,0,0
Call_rt_si,0,1,0,0
Call_rt_sig,0,0,0,1
Call_rt_sigact,1,0,0,0
Call_rt_sigaction,1,1,1,1
Call_rt_sigprocmask,1,1,1,1
Call_rt_sigreturn,1,1,1,1
Call_rt_sigsuspend,0,1,1,1
Call_s,0,0,0,1
Call_sched_getaffinity,1,1,1,0
Call_sched_setaffinity,0,1,1,0
Call_sched_yield,1,1,1,1
Call_send,1,1,1,1
Call_sendfile64,1,1,1,1
Call_sendmsg,1,1,1,1
Call_sendto,1,1,1,1
Call_set_robust_list,1,1,1,0
Call_set_thread_area,0,1,1,1
Call_set_tid_address,1,1,1,1
Call_set_tls,1,0,0,0
Call_setgid,0,1,1,0
Call_setgid32,1,0,0,1
Call_setitimer,1,1,1,1
Call_setpgid,1,1,1,1
Call_setpriority,0,0,0,1
Call_setresuid,0,0,1,0
Call_setresuid32,1,0,0,1
Call_setrlimit,1,1,1,1
Call_setsid,1,1,1,1
Call_setso,0,1,0,0
Call_setsockopt,1,1,1,1
Call_setuid,0,1,1,0
Call_setuid32,1,0,0,1
Call_shmat,1,1,1,0
Call_shmget,1,1,1,0
Call_shutdown,0,1,1,0
Call_sigaltstack,1,0,0,0
Call_sigreturn,1,1,1,1
Call_socke,1,0,0,0
Call_socket,1,1,1,1
Call_stat,0,1,1,1
Call_stat64,1,0,0,0
Call_statfs64,1,1,1,1
Call_statx,0,1,1,1
Call_swapoff,0,1,1,0
Call_symlink,1,1,1,1
Call_sync,1,1,1,1
Call_syscall_0x193,1,0,0,0
Call_sysinfo,1,1,1,1
Call_syslog,0,1,1,1
Call_tgkill,1,0,0,0
Call_tim,0,0,0,1
Call_time,0,1,1,1
Call_times,1,1,1,1
Call_tkill,0,1,1,1
Call_truncate64,0,0,0,1
Call_ugetrlimit,1,0,0,1
Call_umask,1,1,1,1
Call_umount,0,1,0,0
Call_umount2,1,1,1,0
Call_uname,1,1,1,1
Call_unlink,1,1,1,1
Call_unlinkat,1,0,0,0
Call_utimensat,1,1,1,1
Call_vfork,1,0,0,1
Call_wait4,1,1,1,1
Call_wri,0,1,0,0
Call_write,1,1,1,1
Call_writev,1,1,1,1
