column,canonical,rule
Call__llseek,lseek,alias
Call__newselect,select,alias
Call_accept,accept,identity
Call_access,access,identity
Call_bind,bind,identity
Call_brk,brk,identity
Call_cacheflush,cacheflush,identity
Call_chdir,chdir,identity
Call_chmod,chmod,identity
Call_chown,chown,identity
Call_chown32,chown,alias
Call_cloc,,fragment-dropped
Call_clock_gettime,clock_gettime,identity
Call_clock_gettime64,clock_gettime,alias
Call_clock_nanosleep_time64,clock_nanosleep,alias
Call_clone,clone,identity
Call_close,close,identity
Call_connect,connect,identity
Call_dup,dup,identity
Call_dup2,dup2,identity
Call_epoll_create1,epoll_create1,identity
Call_epoll_ctl,epoll_ctl,identity
Call_epoll_pwait,epoll_wait,alias
Call_epoll_wait,epoll_wait,identity
Call_execve,execve,identity
Call_exit,exit,identity
Call_exit_group,exit_group,identity
Call_fc,,fragment-dropped
Call_fchdir,fchdir,identity
Call_fcntl,fcntl,identity
Call_fcntl64,fcntl,alias
Call_flock,flock,identity
Call_fork,fork,identity
Call_fstat,fstat,identity
Call_fstat64,fstat,alias
Call_fstatat64,stat,alias
Call_fsync,fsync,identity
Call_ftruncate64,ftruncate,alias
Call_futex,futex,identity
Call_g,,fragment-dropped
Call_ge,,fragment-dropped
Call_get,,fragment-dropped
Call_getcwd,getcwd,identity
Call_getd,getdents,fragment-folded
Call_getdents,getdents,identity
Call_getdents64,getdents,alias
Call_getegid,getegid,identity
Call_geteuid,geteuid,identity
Call_geteuid32,geteuid,alias
Call_getgid,getgid,identity
Call_getgid32,getgid,alias
Call_getpgid,getpgid,identity
Call_getpid,getpid,identity
Call_getppid,getppid,identity
Call_getpriority,getpriority,identity
Call_getrandom,getrandom,identity
Call_getrlimit,getrlimit,identity
Call_getrusage,getrusage,identity
Call_getsockname,getsockname,identity
Call_getsockopt,getsockopt,identity
Call_gett,,fragment-dropped
Call_getti,,fragment-dropped
Call_gettid,gettid,identity
Call_gettime,gettimeofday,fragment-folded
Call_gettimeofday,gettimeofday,identity
Call_getuid,getuid,identity
Call_getuid32,getuid,alias
Call_inotify_add_watch,inotify_add_watch,identity
Call_inotify_init,inotify_init,identity
Call_inotify_init1,inotify_init1,identity
Call_ioct,ioctl,fragment-folded
Call_ioctl,ioctl,identity
Call_kill,kill,identity
Call_link,link,identity
Call_listen,listen,identity
Call_lseek,lseek,identity
Call_lstat,lstat,identity
Call_lstat64,lstat,alias
Call_madvise,madvise,identity
Call_membarrier,membarrier,identity
Call_mkdir,mkdir,identity
Call_mmap,mmap,identity
Call_mmap2,mmap,alias
Call_mount,mount,identity
Call_mprotect,mprotect,identity
Call_mremap,mremap,identity
Call_munmap,munmap,identity
Call_na,nanosleep,fragment-folded
Call_nanosleep,nanosleep,identity
Call_open,open,identity
Call_openat,open,alias
Call_pause,pause,identity
Call_pipe,pipe,identity
Call_pipe2,pipe2,identity
Call_poll,poll,identity
Call_prctl,prctl,identity
Call_pread64,pread,alias
Call_prlimit64,prlimit,alias
Call_ptrace,ptrace,identity
Call_pwrite64,pwrite,alias
Call_r,,fragment-dropped
Call_re,,fragment-dropped
Call_read,read,identity
Call_readlin,readlink,fragment-folded
Call_readlink,readlink,identity
Call_readv,readv,identity
Call_recv,recv,identity
Call_recvfrom,recvfrom,identity
Call_recvmsg,recvmsg,identity
Call_rename,rename,identity
Call_restart_syscall,restart_syscall,identity
Call_rmdir,rmdir,identity
Call_rt_,,fragment-dropped
Call_rt_si,,fragment-dropped
Call_rt_sig,,fragment-dropped
Call_rt_sigact,rt_sigaction,fragment-folded
Call_rt_sigaction,rt_sigaction,identity
Call_rt_sigprocmask,rt_sigprocmask,identity
Call_rt_sigreturn,rt_sigreturn,identity
Call_rt_sigsuspend,rt_sigsuspend,identity
Call_s,,fragment-dropped
Call_sched_getaffinity,sched_getaffinity,identity
Call_sched_setaffinity,sched_setaffinity,identity
Call_sched_yield,sched_yield,identity
Call_send,send,identity
Call_sendfile64,sendfile,alias
Call_sendmsg,sendmsg,identity
Call_sendto,sendto,identity
Call_set_robust_list,set_robust_list,identity
Call_set_thread_area,set_thread_area,identity
Call_set_tid_address,set_tid_address,identity
Call_set_tls,set_thread_area,alias
Call_setgid,setgid,identity
Call_setgid32,setgid,alias
Call_setitimer,setitimer,identity
Call_setpgid,setpgid,identity
Call_setpriority,setpriority,identity
Call_setresuid,setresuid,identity
Call_setresuid32,setresuid,alias
Call_setrlimit,setrlimit,identity
Call_setsid,setsid,identity
Call_setso,setsockopt,fragment-folded
Call_setsockopt,setsockopt,identity
Call_setuid,setuid,identity
Call_setuid32,setuid,alias
Call_shmat,shmat,identity
Call_shmget,shmget,identity
Call_shutdown,shutdown,identity
Call_sigaltstack,sigaltstack,identity
Call_sigreturn,rt_sigreturn,alias
Call_socke,socket,fragment-folded
Call_socket,socket,identity
Call_stat,stat,identity
Call_stat64,stat,alias
Call_statfs64,statfs,alias
Call_statx,stat,alias
Call_swapoff,swapoff,identity
Call_symlink,symlink,identity
Call_sync,sync,identity
Call_syscall_0x193,clock_gettime,alias
Call_sysinfo,sysinfo,identity
Call_syslog,syslog,identity
Call_tgkill,tkill,alias
Call_tim,,fragment-dropped
Call_time,time,identity
Call_times,times,identity
Call_tkill,tkill,identity
Call_truncate64,truncate,alias
Call_ugetrlimit,getrlimit,alias
Call_umask,umask,identity
Call_umount,umount,identity
Call_umount2,umount,alias
Call_uname,uname,identity
Call_unlink,unlink,identity
Call_unlinkat,unlink,alias
Call_utimensat,utimensat,identity
Call_vfork,vfork,identity
Call_wait4,wait4,identity
Call_wri,,fragment-dropped
Call_write,write,identity
Call_writev,writev,identity
