canonical,arm,mips,mipsel,x86
accept,1,1,1,1
access,1,1,1,1
bind,1,1,1,1
brk,1,1,1,1
cacheflush,1,1,1,0
chdir,1,1,1,1
chmod,1,1,1,1
chown,1,1,1,1
clock_gettime,1,1,1,1
clock_nanosleep,0,1,1,1
clone,1,1,1,1
close,1,1,1,1
connect,1,1,1,1
dup,0,0,0,1
dup2,1,1,1,1
epoll_create1,1,1,1,1
epoll_ctl,1,1,1,1
epoll_wait,1,1,1,1
execve,1,1,1,1
exit,1,1,1,1
exit_group,1,1,1,1
fchdir,0,1,1,0
fcntl,1,1,1,1
flock,1,1,1,1
fork,1,1,1,1
fstat,1,1,1,1
fsync,1,1,1,1
ftruncate,0,1,1,1
futex,1,1,1,1
getcwd,1,1,1,1
getdents,1,1,1,1
getegid,0,1,1,0
geteuid,1,1,1,1
getgid,1,1,1,1
getpgid,1,0,0,1
getpid,1,1,1,1
getppid,1,1,1,1
getpriority,0,1,1,0
getrandom,0,1,1,1
getrlimit,1,1,1,1
getrusage,1,1,1,1
getsockname,1,1,1,1
getsockopt,1,1,1,1
gettid,1,1,1,1
gettimeofday,1,0,0,0
getuid,1,1,1,1
inotify_add_watch,1,1,1,1
inotify_init,1,1,1,1
inotify_init1,0,0,1,0
ioctl,1,1,1,1
kill,1,1,1,1
link,1,0,1,1
listen,1,1,1,1
lseek,1,1,1,1
lstat,1,0,0,1
madvise,1,0,0,0
membarrier,0,1,1,1
mkdir,1,1,1,1
mmap,1,1,1,1
mount,1,1,1,0
mprotect,1,1,1,1
mremap,0,1,1,1
munmap,1,1,1,1
nanosleep,1,1,1,1
open,1,1,1,1
pause,0,0,1,1
pipe,1,1,1,1
pipe2,1,1,1,1
poll,1,1,1,1
prctl,1,1,1,1
pread,0,0,1,1
prlimit,0,1,1,1
ptrace,1,1,1,1
pwrite,0,0,0,1
read,1,1,1,1
readlink,1,1,1,1
readv,1,1,1,1
recv,1,1,1,1
recvfrom,1,1,1,1
recvmsg,1,1,1,1
rename,1,1,1,1
restart_syscall,0,1,1,1
rmdir,1,1,1,1
rt_sigaction,1,1,1,1
rt_sigprocmask,1,1,1,1
rt_sigreturn,1,1,1,1
rt_sigsuspend,0,1,1,1
sched_getaffinity,1,1,1,0
sched_setaffinity,0,1,1,0
sched_yield,1,1,1,1
select,1,1,1,1
send,1,1,1,1
sendfile,1,1,1,1
sendmsg,1,1,1,1
sendto,1,1,1,1
set_robust_list,1,1,1,0
set_thread_area,1,1,1,1
set_tid_address,1,1,1,1
setgid,1,1,1,1
setitimer,1,1,1,1
setpgid,1,1,1,1
setpriority,0,0,0,1
setresuid,1,0,1,1
setrlimit,1,1,1,1
setsid,1,1,1,1
setsockopt,1,1,1,1
setuid,1,1,1,1
shmat,1,1,1,0
shmget,1,1,1,0
shutdown,0,1,1,0
sigaltstack,1,0,0,0
socket,1,1,1,1
stat,1,1,1,1
statfs,1,1,1,1
swapoff,0,1,1,0
symlink,1,1,1,1
sync,1,1,1,1
sysinfo,1,1,1,1
syslog,0,1,1,1
time,0,1,1,1
times,1,1,1,1
tkill,1,1,1,1
truncate,0,0,0,1
umask,1,1,1,1
umount,1,1,1,0
uname,1,1,1,1
unlink,1,1,1,1
utimensat,1,1,1,1
vfork,1,0,0,1
wait4,1,1,1,1
write,1,1,1,1
writev,1,1,1,1
